rank,ticker,company_name,sector,industry,exchange,market_cap,market_data_date,price,return_1d,return_5d,return_21d,return_63d,return_126d,spy_return_63d,spy_return_126d,spy_relative_21d,spy_relative_63d,spy_relative_126d,sector_etf,sector_etf_return_21d,sector_etf_return_63d,sector_etf_return_126d,sector_relative_21d,sector_relative_63d,sector_relative_126d,volume_ratio_5d_vs_prev20d,avg_dollar_volume_20d,volatility_ratio_20d_vs_prev120d,max_daily_move_21d,max_daily_move_date_21d,max_daily_move_signed_21d,max_1d_share_of_abs_move_21d,directional_efficiency_21d,post_max_move_return_5d,post_max_move_return_10d,max_gap_21d,distance_from_52w_high,distance_from_52w_low,trigger_conditions,trigger_count,selection_reason,signal_score,first_trigger_date,trigger_days_last_5,trigger_days_last_10,consecutive_trigger_days,rank_previous,rank_change,new_entry,persistent_signal
1,CRNX,"Crinetics Pharmaceuticals, Inc.",Healthcare,,NMS,8876820480.00000000,2026-07-20,83.87000275,0.00011927,0.00239040,1.34601406,1.04560982,0.48626621,0.04499114,0.07201265,1.34448901,1.00061868,0.41425356,XLV,0.05666507,0.07022847,0.01458966,1.28934899,0.97538135,0.47167655,0.57224339,639265171.19756699,6.66647799,0.98738999,2026-07-07,0.98738999,0.78019911,0.88850985,0.00215492,,0.98857969,-0.00047671,2.12364996,spy_relative;sector_relative;volatility;single_day_move;gap,5,threshold_and_sector_coverage,65.59540000,2026-07-10,5,6,6,1.00000000,0.00000000,True,True
2,DFTX,"Definium Therapeutics, Inc.",Healthcare,,NMS,5681411072.00000000,2026-07-20,42.79999924,-0.03364194,-0.01947313,0.75194428,0.88712516,1.78283478,0.04499114,0.07201265,0.75041922,0.84213402,1.71082213,XLV,0.05666507,0.07022847,0.01458966,0.69527921,0.81689669,1.76824512,0.37435078,206038294.06637192,3.47861724,0.49795747,2026-06-22,0.49795747,0.41006641,0.50547655,0.26943009,0.21298069,0.57598050,-0.11661510,4.07109021,spy_relative;sector_relative;volatility;single_day_move;gap,5,threshold,35.73230000,2026-07-10,5,6,6,3.00000000,1.00000000,True,True
3,TRAX,"First Tracks Biotherapeutics, I",Healthcare,,NMS,1286482048.00000000,2026-07-20,36.86999893,0.00958375,0.05312770,1.02916889,0.63793863,,0.04499114,0.07201265,1.02764384,0.59294749,,XLV,0.05666507,0.07022847,0.01458966,0.97250382,0.56771016,,0.68292284,26090203.07236671,,0.55994226,2026-07-09,0.55994226,0.37694226,0.52445791,0.11759251,,0.02861863,0.00000000,1.40665794,spy_relative;sector_relative;single_day_move,3,threshold_and_sector_coverage,33.00100000,2026-07-10,5,6,6,4.00000000,1.00000000,True,True
4,ATAI,AtaiBeckley Inc.,Healthcare,,NGM,2659972352.00000000,2026-07-20,7.19000006,-0.00415509,0.44668015,0.76658471,0.78411903,0.93800539,0.04499114,0.07201265,0.76505965,0.73912788,0.86599274,XLV,0.05666507,0.07022847,0.01458966,0.70991963,0.71389056,0.92341573,4.84476114,134436206.66791677,2.03805391,0.33395521,2026-07-16,0.33395521,0.27996528,0.50557052,,,0.31809699,-0.00415509,1.17220549,spy_relative;sector_relative;volume;volatility;single_day_move;gap,6,threshold,31.80250000,2026-07-10,5,6,6,6.00000000,2.00000000,True,True
5,APGE,"Apogee Therapeutics, Inc.",Healthcare,,NGM,10145338368.00000000,2026-07-20,134.14999390,0.00111936,0.00246590,0.51701904,0.45498914,0.66130023,0.04499114,0.07201265,0.51549398,0.40999799,0.58928758,XLV,0.05666507,0.07022847,0.01458966,0.46035397,0.38476066,0.64671057,0.20144327,806465697.22434998,2.84113549,0.46658561,2026-06-22,0.46658561,0.90723001,0.96829734,0.00045264,0.00746881,0.46713886,-0.00104252,2.87157252,spy_relative;sector_relative;volatility;single_day_move;gap,5,threshold,27.43110000,2026-07-10,5,6,6,7.00000000,2.00000000,True,True
6,CDNA,"CareDx, Inc.",Healthcare,,NGM,1982174208.00000000,2026-07-20,38.36999893,-0.03423108,0.33414460,0.63415672,0.79131647,0.86533785,0.04499114,0.07201265,0.63263166,0.74632533,0.79332520,XLV,0.05666507,0.07022847,0.01458966,0.57749164,0.72108800,0.85074819,1.81813587,35968667.51264572,1.93382858,0.35596639,2026-07-16,0.35596639,0.37235469,0.54879708,,,0.22352946,-0.04883493,2.31633535,spy_relative;sector_relative;volume;volatility;single_day_move;gap,6,threshold,25.70430000,2026-07-15,4,4,4,8.00000000,2.00000000,True,True
7,MAN,ManpowerGroup,Industrials,,NYQ,2470004992.00000000,2026-07-20,53.11000061,0.01471151,0.30748405,0.54884804,0.70607138,0.71488543,0.04499114,0.07201265,0.54732298,0.66108023,0.64287278,XLI,-0.00824060,0.02656908,0.07443598,0.55708863,0.67950230,0.64044945,1.86779101,73913139.98350143,2.27273078,0.32368019,2026-07-16,0.32368019,0.32314387,0.45911654,,,0.19887233,0.00000000,1.06252430,spy_relative;sector_relative;volume;volatility;single_day_move;gap,6,threshold_and_sector_coverage,23.82300000,2026-07-16,3,3,3,9.00000000,2.00000000,True,True
8,GRPN,"Groupon, Inc.",Communication Services,,NMS,1061652288.00000000,2026-07-20,27.95000076,0.00431192,0.18734068,0.68780203,0.96692475,0.67465547,0.04499114,0.07201265,0.68627698,0.92193360,0.60264282,XLC,0.01465207,-0.06968930,-0.04655362,0.67314996,1.03661405,0.72120909,0.88468653,44620984.76109505,1.46291983,0.24890827,2026-06-25,0.24890827,0.23598578,0.51474500,0.11800703,0.13854896,0.02834148,-0.24234206,1.89937757,spy_relative;sector_relative;single_day_move,3,threshold_and_sector_coverage,20.54870000,2026-07-16,3,3,3,13.00000000,5.00000000,True,True
9,SLS,"SELLAS Life Sciences Group, Inc",Healthcare,,NCM,2452991488.00000000,2026-07-20,12.47999954,-0.05382866,-0.01109353,0.60824732,1.39080461,2.24999995,0.04499114,0.07201265,0.60672226,1.34581346,2.17798730,XLV,0.05666507,0.07022847,0.01458966,0.55158224,1.32057613,2.23541029,0.71823444,153008476.45859718,1.35955617,0.24697332,2026-06-29,0.24697332,0.15570667,0.31007746,-0.12621358,-0.13333330,0.07586760,-0.19223303,7.97841703,spy_relative;sector_relative;single_day_move;gap,4,threshold,19.09080000,2026-07-10,5,6,6,10.00000000,1.00000000,True,True
10,ABVX,Abivax SA,Healthcare,,NGM,11461627904.00000000,2026-07-20,131.50000000,-0.03768748,-0.03294599,0.31303043,0.09437413,0.12585613,0.04499114,0.07201265,0.31150538,0.04938299,0.05384348,XLV,0.05666507,0.07022847,0.01458966,0.25636536,0.02414566,0.11126647,0.47314172,289217248.72608185,1.57439868,0.38595936,2026-06-30,0.38595936,0.45517942,0.34623159,0.03962178,0.02761525,0.36136248,-0.09503818,12.15000000,spy_relative;sector_relative;volatility;single_day_move;gap,5,threshold,18.82400000,2026-07-10,5,6,6,11.00000000,1.00000000,True,True
11,LCID,"Lucid Group, Inc.",Consumer Cyclical,,NMS,2774725888.00000000,2026-07-20,7.11000013,-0.03396739,0.29038110,0.38326854,-0.02602740,-0.29253731,0.04499114,0.07201265,0.38174349,-0.07101855,-0.36454996,XLY,-0.00761968,-0.04816878,-0.06593314,0.39088823,0.02214138,-0.22660417,4.82472092,154653021.52392626,2.15656974,0.28787878,2026-07-15,0.28787878,0.19653909,0.22802298,,,0.03940217,-0.77284344,0.53896111,spy_relative;sector_relative;volume;volatility;single_day_move,5,threshold_and_sector_coverage,17.88860000,2026-07-15,4,4,4,12.00000000,1.00000000,True,True
12,PBF,PBF Energy Inc.,Energy,,NYQ,7553994752.00000000,2026-07-20,63.84999847,0.01752986,0.11159471,0.69049504,0.71824539,1.04713041,0.04499114,0.07201265,0.68896999,0.67325425,0.97511776,XLE,0.05981344,0.05307158,0.21697118,0.63068160,0.66517381,0.83015923,1.07527756,154152545.42503357,0.84571153,0.09162201,2026-07-08,0.09162201,0.12332606,0.72325874,0.11077498,,0.03253102,0.00000000,1.94511059,spy_relative;sector_relative;single_day_move,3,threshold_and_sector_coverage,17.80450000,2026-07-10,5,6,6,18.00000000,6.00000000,True,True
13,BWIN,"The Baldwin Insurance Group, In",Financial Services,,NMS,2627354368.00000000,2026-07-20,26.95000076,-0.01100915,-0.01354315,0.55510680,0.07627795,0.02980515,0.04499114,0.07201265,0.55358175,0.03128680,-0.04220750,XLF,0.03681779,0.06885372,0.03071551,0.51828901,0.00742423,-0.00091036,0.55267666,47066782.41689682,1.16019306,0.16791690,2026-06-18,0.16791690,0.19294801,0.52612469,0.29545453,0.33843876,0.12747035,-0.34634972,0.63333338,spy_relative;sector_relative;single_day_move;gap,4,threshold_and_sector_coverage,17.61820000,2026-07-10,5,6,6,22.00000000,9.00000000,True,True
14,AEHR,Aehr Test Systems,Technology,,NCM,2512652800.00000000,2026-07-20,77.36000061,-0.04552748,0.13731262,-0.31308827,-0.07751014,1.91594416,0.04499114,0.07201265,-0.31461333,-0.12250128,1.84393151,XLK,-0.05430568,0.13838678,0.20796094,-0.25878259,-0.21589692,1.70798322,3.64063394,234177625.32485962,1.06230311,0.21913621,2026-07-15,0.21913621,0.15524735,0.26383295,,,0.36314402,-0.33642135,3.70273538,spy_relative;sector_relative;volume;single_day_move;gap,5,threshold,17.50830000,2026-07-10,5,6,6,23.00000000,9.00000000,True,True
15,ZBIO,"Zenas BioPharma, Inc.",Healthcare,,NMS,1938194688.00000000,2026-07-20,30.70000076,0.03962073,0.10114784,0.65231436,0.40696614,0.54039138,0.04499114,0.07201265,0.65078931,0.36197500,0.46837873,XLV,0.05666507,0.07022847,0.01458966,0.59564929,0.33673767,0.52580172,0.66391296,29454401.53225899,0.66167228,0.13165142,2026-06-25,0.13165142,0.14250542,0.55688214,0.10376974,0.16497769,0.02123357,-0.28885796,1.14835555,spy_relative;sector_relative;single_day_move,3,threshold,17.46120000,2026-07-10,5,6,6,15.00000000,0.00000000,True,True
16,GSHD,"Goosehead Insurance, Inc.",Financial Services,,NMS,2037734528.00000000,2026-07-20,57.22999954,0.05434784,0.04301076,0.62909188,0.30513116,-0.20624132,0.04499114,0.07201265,0.62756683,0.26014002,-0.27825397,XLF,0.03681779,0.06885372,0.03071551,0.59227409,0.23627744,-0.23695683,0.74218577,31243910.06610870,0.99049409,0.08337494,2026-06-24,0.08337494,0.09829761,0.58237299,0.16612901,0.22027643,0.03409387,-0.44667892,0.66511496,spy_relative;sector_relative;single_day_move,3,threshold_and_sector_coverage,16.43910000,2026-07-10,5,6,6,57.00000000,41.00000000,True,True
17,IONS,"Ionis Pharmaceuticals, Inc.",Healthcare,,NMS,8750652416.00000000,2026-07-20,52.95000076,-0.02647543,-0.06696034,-0.28744446,-0.30062077,-0.31420799,0.04499114,0.07201265,-0.28896951,-0.34561192,-0.38622064,XLV,0.05666507,0.07022847,0.01458966,-0.34410953,-0.37084924,-0.32879765,0.89718704,271887739.35558319,3.40867342,0.23904810,2026-07-09,-0.23904810,0.36459926,0.48866376,-0.14968096,,0.19748994,-0.38786126,0.30130259,spy_relative;sector_relative;volatility;single_day_move;gap,5,threshold,16.42220000,2026-07-10,5,6,6,20.00000000,3.00000000,True,True
18,NTSK,"Netskope, Inc.",Technology,,NMS,5461047808.00000000,2026-07-20,13.52000046,-0.00515082,0.05625002,0.55045872,0.36980756,-0.12207787,0.04499114,0.07201265,0.54893367,0.32481641,-0.19409052,XLK,-0.05430568,0.13838678,0.20796094,0.60476441,0.23142078,-0.33003881,0.95068411,62303952.21538544,0.79408612,0.11484377,2026-07-14,0.11484377,0.16290160,0.63409937,,,0.04464287,-0.47576580,0.74902981,spy_relative;sector_relative;single_day_move,3,threshold_and_sector_coverage,16.06190000,2026-07-10,5,6,6,21.00000000,3.00000000,True,True
19,DAVE,Dave Inc.,Technology,,NGM,5572400128.00000000,2026-07-20,438.27999878,-0.00485903,0.12506418,0.53330536,0.74815519,1.28199523,0.04499114,0.07201265,0.53178031,0.70316404,1.20998258,XLK,-0.05430568,0.13838678,0.20796094,0.58761105,0.60976841,1.07403429,0.84553260,213873291.68975830,0.70546200,0.10005600,2026-06-18,0.10005600,0.15221783,0.66496029,0.10898737,0.25938175,0.03961313,-0.00960387,1.81092871,spy_relative;sector_relative;single_day_move,3,threshold_and_sector_coverage,15.42180000,2026-07-10,5,6,6,29.00000000,10.00000000,True,True
20,BFLY,"Butterfly Network, Inc.",Healthcare,,NYQ,1750377728.00000000,2026-07-20,6.69000006,0.01057404,-0.17407411,0.17162872,0.22752299,0.47032962,0.04499114,0.07201265,0.17010367,0.18253184,0.39831697,XLV,0.05666507,0.07022847,0.01458966,0.11496365,0.15729452,0.45573996,0.79592821,83233793.54425192,0.77755115,0.55866892,2026-06-18,0.55866892,0.34924978,0.10541904,-0.00112351,-0.07528091,0.26269702,-0.24915823,4.03007507,spy_relative;sector_relative;single_day_move;gap,4,threshold,15.29710000,2026-07-10,5,6,6,16.00000000,-4.00000000,True,True
21,RXT,"Rackspace Technology, Inc.",Technology,,NMS,1091807104.00000000,2026-07-20,4.30000019,0.03614460,-0.04867252,-0.42895085,1.92517014,3.32595585,0.04499114,0.07201265,-0.43047591,1.88017900,3.25394320,XLK,-0.05430568,0.13838678,0.20796094,-0.37464517,1.78678336,3.11799491,0.52118277,100022253.36807251,0.45608269,0.33586627,2026-07-09,-0.33586627,0.20137612,0.32271494,-0.03661324,,0.04711245,-0.42895085,9.51344766,spy_relative;sector_relative;single_day_move,3,threshold,14.86210000,2026-07-10,5,6,6,53.00000000,32.00000000,True,True
22,AXTI,AXT Inc,Technology,,NMS,3194614272.00000000,2026-07-20,48.83000183,0.06476235,-0.03230276,-0.46987296,-0.40855132,0.89852267,0.04499114,0.07201265,-0.47139802,-0.45354246,0.82651002,XLK,-0.05430568,0.13838678,0.20796094,-0.41556728,-0.54693810,0.69056173,0.81837073,602995314.54641342,0.85325229,0.15718302,2026-06-23,-0.15718302,0.09627648,0.37868553,-0.07482995,-0.22834044,0.10582945,-0.65326989,24.43229319,spy_relative;sector_relative;single_day_move;gap,4,threshold_and_sector_coverage,14.84440000,2026-07-10,5,6,6,19.00000000,-3.00000000,True,True
23,QDEL,QuidelOrtho Corporation,Healthcare,,NMS,1130606592.00000000,2026-07-20,16.57999992,-0.04602988,-0.07322524,0.26275703,0.30448465,-0.53137367,0.04499114,0.07201265,0.26123197,0.25949350,-0.60338632,XLV,0.05666507,0.07022847,0.01458966,0.20609196,0.23425618,-0.54596333,0.58918156,26992223.23327541,1.51769558,0.32197241,2026-06-29,0.32197241,0.31395813,0.23708438,-0.06747118,-0.03126713,0.23277738,-0.53137367,0.66465862,spy_relative;sector_relative;volatility;single_day_move;gap,5,threshold,14.77830000,2026-07-10,5,6,6,31.00000000,8.00000000,True,True
24,NVTS,Navitas Semiconductor Corporati,Technology,,NGM,2810626048.00000000,2026-07-20,11.53999996,0.00698080,-0.10334110,-0.48343779,-0.06331167,0.15400000,0.04499114,0.07201265,-0.48496284,-0.10830281,0.08198735,XLK,-0.05430568,0.13838678,0.20796094,-0.42913210,-0.20169845,-0.05396095,0.60018288,289448839.33748245,0.67021341,0.14392523,2026-06-24,-0.14392523,0.12657309,0.56264713,-0.09770737,-0.22598250,0.08582280,-0.63699278,1.08303250,spy_relative;sector_relative;single_day_move;gap,4,threshold_and_sector_coverage,14.70830000,2026-07-10,5,6,6,25.00000000,1.00000000,True,True
25,DMRA,"Damora Therapeutics, Inc.",Healthcare,,NCM,2030639872.00000000,2026-07-20,32.99000168,0.04796703,0.17821435,0.54014947,0.24022561,0.37745305,0.04499114,0.07201265,0.53862441,0.19523446,0.30544040,XLV,0.05666507,0.07022847,0.01458966,0.48348439,0.16999714,0.36286339,0.48405213,24846341.98425293,0.98670837,0.12505891,2026-06-22,0.12505891,0.10812050,0.38248668,0.01360682,0.25601841,0.02826046,-0.03368476,11.78682273,spy_relative;sector_relative;single_day_move,3,threshold,14.56290000,2026-07-10,5,6,6,26.00000000,1.00000000,True,True
26,CCC,CCC Intelligent Solutions Holdi,Technology,,NMS,3674247936.00000000,2026-07-20,6.26000023,0.03471075,0.00481544,0.42596820,0.10992914,-0.22428743,0.04499114,0.07201265,0.42444315,0.06493800,-0.29630008,XLK,-0.05430568,0.13838678,0.20796094,0.48027389,-0.02845764,-0.43224837,0.97369948,58261805.24068117,0.99904474,0.11581303,2026-06-26,0.11581303,0.16645201,0.52108347,0.13572850,0.24351292,0.10594790,-0.37587234,0.48341245,spy_relative;sector_relative;single_day_move;gap,4,threshold,14.47700000,2026-07-10,5,6,6,82.00000000,56.00000000,True,True
27,EOSE,"Eos Energy Enterprises, Inc.",Industrials,,NCM,1440496512.00000000,2026-07-20,4.05999994,-0.01694919,-0.06666666,-0.46578947,-0.43296089,-0.75947866,0.04499114,0.07201265,-0.46731453,-0.47795203,-0.83149132,XLI,-0.00824060,0.02656908,0.07443598,-0.45754888,-0.45952997,-0.83391464,1.11476382,126164707.42891788,0.50762790,0.11580386,2026-06-23,-0.11580386,0.13878581,0.73137144,-0.09399071,-0.30585512,0.07342659,-0.78843148,0.02525250,spy_relative;sector_relative;single_day_move;gap,4,threshold_and_sector_coverage,14.26410000,2026-07-10,5,6,6,48.00000000,21.00000000,True,True
28,PYPL,"PayPal Holdings, Inc.",Financial Services,,NMS,50121232384.00000000,2026-07-20,56.81999969,0.00459686,0.19244487,0.35028511,0.11828377,0.00140991,0.04499114,0.07201265,0.34876005,0.07329262,-0.07060275,XLF,0.03681779,0.06885372,0.03071551,0.31346731,0.04943005,-0.02930560,2.18744600,998826586.98291779,1.49790624,0.17204986,2026-07-15,0.17204986,0.34544316,0.62230809,,,0.15780035,-0.27358733,0.45394056,spy_relative;sector_relative;volume;single_day_move;gap,5,threshold,14.20520000,2026-07-15,4,4,4,37.00000000,9.00000000,True,True
29,IBM,International Business Machines,Technology,,NYQ,200195571712.00000000,2026-07-20,213.00000000,0.00155171,-0.26609933,-0.18810751,-0.15966387,-0.28511498,0.04499114,0.07201265,-0.18963256,-0.20465501,-0.35712763,XLK,-0.05430568,0.13838678,0.20796094,-0.13380182,-0.29805065,-0.49307592,3.53102930,3227731011.75773621,1.97468407,0.25207594,2026-07-14,-0.25207594,0.34550487,0.27195086,,,0.22003243,-0.35303589,0.00852274,spy_relative;sector_relative;volume;volatility;single_day_move;gap,6,threshold,14.06550000,2026-07-15,4,4,4,24.00000000,-5.00000000,True,True
30,PARR,"Par Pacific Holdings, Inc. Comm",Energy,,NYQ,3889189888.00000000,2026-07-20,77.55999756,0.01718030,0.09362662,0.52527040,0.35286927,1.00724635,0.04499114,0.07201265,0.52374535,0.30787812,0.93523369,XLE,0.05981344,0.05307158,0.21697118,0.46545696,0.29979769,0.79027517,0.95685597,59542648.24193954,0.99342427,0.11568501,2026-07-08,0.11568501,0.19922560,0.74445256,0.06766807,,0.04002602,0.00000000,1.86304899,spy_relative;sector_relative;single_day_move,3,threshold,14.01770000,2026-07-15,4,4,4,45.00000000,15.00000000,True,True
31,FLNC,"Fluence Energy, Inc.",Utilities,,NMS,2631956480.00000000,2026-07-20,14.27999973,0.01492538,-0.05804750,-0.39026474,0.05504247,-0.44000001,0.04499114,0.07201265,-0.39178980,0.01005133,-0.51201266,XLU,0.01079621,-0.02642984,0.03049755,-0.40106096,0.08147231,-0.47049756,0.67613103,154807138.19735050,0.66409693,0.15799926,2026-06-23,-0.15799926,0.15092639,0.46137731,-0.06270627,-0.27675621,0.09506178,-0.55693454,1.11555552,spy_relative;sector_relative;single_day_move;gap,4,threshold_and_sector_coverage,13.52580000,2026-07-10,5,6,6,32.00000000,1.00000000,True,True
32,DK,"Delek US Holdings, Inc.",Energy,,NYQ,3961626880.00000000,2026-07-20,64.63999939,0.02197627,0.11429066,0.52668869,0.73623422,1.22819713,0.04499114,0.07201265,0.52516364,0.69124308,1.15618448,XLE,0.05981344,0.05307158,0.21697118,0.46687525,0.68316265,1.01122595,1.07173291,67456255.63203812,0.81969079,0.07862823,2026-06-29,0.07862823,0.12759548,0.70007832,0.01434660,0.18165953,0.03366793,0.00000000,2.22554872,spy_relative;sector_relative;single_day_move,3,threshold_and_sector_coverage,13.52370000,2026-07-16,3,3,3,66.00000000,34.00000000,True,True
33,WOLF,"Wolfspeed, Inc.",Technology,,NYQ,1526940288.00000000,2026-07-20,29.37999916,-0.01706257,-0.12689457,-0.39659068,0.14945226,0.47489955,0.04499114,0.07201265,-0.39811573,0.10446112,0.40288690,XLK,-0.05430568,0.13838678,0.20796094,-0.34228499,0.01106548,0.26693861,0.62067185,179831798.53983879,0.66776401,0.17909225,2026-06-18,0.17909225,0.14467197,0.40392490,-0.19926840,-0.31248909,0.10515385,-0.60027212,0.98513505,spy_relative;sector_relative;single_day_move;gap,4,threshold,13.31570000,2026-07-10,5,6,6,67.00000000,34.00000000,True,True
34,MBX,"MBX Biosciences, Inc.",Healthcare,,NMS,2862515712.00000000,2026-07-20,60.13999939,-0.04418307,0.00166553,0.44602066,0.78087055,0.47005621,0.04499114,0.07201265,0.44449560,0.73587941,0.39804356,XLV,0.05666507,0.07022847,0.01458966,0.38935559,0.71064208,0.45546655,0.89437104,57384266.21454239,0.82130662,0.07887515,2026-07-17,0.07887515,0.09182191,0.43437475,,,0.12025318,-0.08476639,5.17136994,spy_relative;sector_relative;single_day_move;gap,4,threshold,13.26780000,2026-07-10,5,6,6,17.00000000,-17.00000000,True,True
35,NBIS,Nebius Group N.V.,Communication Services,,NMS,46366887936.00000000,2026-07-20,182.61999512,0.02762922,-0.13248777,-0.34989857,0.16214838,0.75790529,0.04499114,0.07201265,-0.35142363,0.11715723,0.68589264,XLC,0.01465207,-0.06968930,-0.04655362,-0.36455064,0.23183768,0.80445891,1.20314918,3884061282.55592346,1.08245978,0.17014889,2026-07-01,-0.17014889,0.14961994,0.36934596,-0.05663669,-0.25050175,0.12997795,-0.36300536,2.62341249,spy_relative;sector_relative;single_day_move;gap,4,threshold_and_sector_coverage,13.23720000,2026-07-16,3,3,3,54.00000000,19.00000000,True,True
36,RKLB,Rocket Lab Corporation,Industrials,,NMS,41075585024.00000000,2026-07-20,65.73999786,-0.02780250,-0.14322957,-0.39118359,-0.22476420,-0.27567214,0.04499114,0.07201265,-0.39270865,-0.26975535,-0.34768479,XLI,-0.00824060,0.02656908,0.07443598,-0.38294300,-0.25133328,-0.35010812,0.69089366,2060461825.82855225,0.96919676,0.15933287,2026-06-29,0.15933287,0.15752110,0.48302505,-0.14896437,-0.19589842,0.07990297,-0.56240432,0.66514688,spy_relative;sector_relative;single_day_move;gap,4,threshold,13.11330000,2026-07-10,5,6,6,56.00000000,20.00000000,True,True
37,YSS,York Space Systems Inc.,Industrials,,NYQ,2288953600.00000000,2026-07-20,17.42000008,-0.02844396,-0.08938835,-0.42508249,-0.51231804,,0.04499114,0.07201265,-0.42660755,-0.55730919,,XLI,-0.00824060,0.02656908,0.07443598,-0.41684190,-0.53888712,,0.68103106,26273579.76314545,0.67677811,0.14075625,2026-06-24,-0.14075625,0.14201791,0.54692727,0.00203746,-0.16136923,0.04937840,-0.59907941,0.00000000,spy_relative;sector_relative;single_day_move,3,threshold_and_sector_coverage,12.55390000,2026-07-10,5,6,6,36.00000000,-1.00000000,True,True
38,PAY,"Paymentus Holdings, Inc.",Technology,,NYQ,3732169728.00000000,2026-07-20,29.67000008,-0.00369377,0.02522459,0.41690541,0.03777544,0.01228252,0.04499114,0.07201265,0.41538036,-0.00721570,-0.05973013,XLK,-0.05430568,0.13838678,0.20796094,0.47121110,-0.10061134,-0.19567842,0.50423670,37379616.65014267,1.17692834,0.10155147,2026-06-26,0.10155147,0.17626154,0.61605226,0.20145110,0.23516859,0.02359270,-0.23786283,0.46808518,spy_relative;sector_relative;single_day_move,3,threshold,12.53310000,2026-07-10,5,6,6,76.00000000,38.00000000,True,True
39,VRNS,"Varonis Systems, Inc.",Technology,,NMS,5572894720.00000000,2026-07-20,47.45000076,-0.00189315,0.04561480,0.43440139,0.95912478,0.39723210,0.04499114,0.07201265,0.43287634,0.91413363,0.32521945,XLK,-0.05430568,0.13838678,0.20796094,0.48870708,0.82073800,0.18927116,0.80911757,111839683.60254288,0.85590175,0.07092631,2026-06-23,0.07092631,0.12575644,0.65179543,0.19783045,0.28661151,0.03768198,-0.25051335,1.35017333,spy_relative;sector_relative;single_day_move,3,threshold,12.53300000,2026-07-10,5,6,6,60.00000000,21.00000000,True,True
40,TECH,Bio-Techne Corp,Healthcare,,NMS,11162274816.00000000,2026-07-20,71.63999939,-0.00665562,0.00392375,0.30254544,0.20952220,0.02401373,0.04499114,0.07201265,0.30102039,0.16453106,-0.04799892,XLV,0.05666507,0.07022847,0.01458966,0.24588037,0.13929373,0.00942407,0.38594044,587228049.81452942,1.44659721,0.20074721,2026-06-25,0.20074721,0.49402954,0.68325979,0.00183882,0.00848665,0.19276498,-0.00665562,0.65450348,spy_relative;sector_relative;single_day_move;gap,4,threshold,12.45790000,2026-07-10,5,6,6,52.00000000,12.00000000,True,True
41,LEGN,Legend Biotech Corporation,Healthcare,,NMS,4489737216.00000000,2026-07-20,23.20999908,0.04267740,-0.09864081,-0.30757760,0.09636273,0.04975117,0.04499114,0.07201265,-0.30910266,0.05137159,-0.02226148,XLV,0.05666507,0.07022847,0.01458966,-0.36424267,0.02613426,0.03516151,1.20601986,56939258.05436134,0.60313429,0.16676611,2026-06-18,-0.16676611,0.24435709,0.52115012,0.02721089,0.00393844,0.11515515,-0.47630868,0.39399397,spy_relative;sector_relative;single_day_move;gap,4,threshold_and_sector_coverage,12.44430000,2026-07-10,5,6,6,40.00000000,-1.00000000,True,True
42,WULF,TeraWulf Inc.,Financial Services,,NCM,9345745920.00000000,2026-07-20,18.86000061,0.03854630,-0.09717563,-0.32304378,-0.08624025,0.36370215,0.04499114,0.07201265,-0.32456884,-0.13123140,0.29168950,XLF,0.03681779,0.06885372,0.03071551,-0.35986158,-0.15509397,0.33298664,1.16422420,845868110.86005211,0.93993495,0.12796444,2026-07-08,0.12796444,0.13420666,0.40411996,-0.15155493,,0.14022659,-0.34920632,2.96218481,spy_relative;sector_relative;single_day_move;gap,4,threshold_and_sector_coverage,12.38670000,2026-07-15,4,4,4,39.00000000,-3.00000000,True,True
43,TENB,"Tenable Holdings, Inc.",Technology,,NMS,4163869696.00000000,2026-07-20,37.75999832,-0.05315955,-0.03673476,0.40476189,0.95142106,0.66858152,0.04499114,0.07201265,0.40323683,0.90642992,0.59656887,XLK,-0.05430568,0.13838678,0.20796094,0.45906757,0.81303428,0.46062057,0.97489770,136907650.06884575,1.48082154,0.10820657,2026-06-29,0.10820657,0.12328804,0.39561101,0.21289928,0.27351446,0.03175768,-0.11465423,1.35411447,spy_relative;sector_relative;single_day_move,3,threshold,12.32460000,2026-07-10,5,6,6,27.00000000,-16.00000000,True,True
44,PRIM,Primoris Services Corporation,Industrials,,NYQ,4700647424.00000000,2026-07-20,86.63999939,0.00791066,0.01666273,-0.14774743,-0.47430374,-0.41264997,0.04499114,0.07201265,-0.14927249,-0.51929488,-0.48466262,XLI,-0.00824060,0.02656908,0.07443598,-0.13950683,-0.50087282,-0.48708595,0.72119683,225626705.69461823,1.06196569,0.21589441,2026-06-23,-0.21589441,0.24832171,0.17904940,0.16680408,0.05356096,0.38849915,-0.57303371,0.01989408,spy_relative;sector_relative;single_day_move;gap,4,threshold,12.24390000,2026-07-10,5,6,6,43.00000000,-1.00000000,True,True
45,ON,ON Semiconductor Corporation,Technology,,NMS,33742391296.00000000,2026-07-20,86.69999695,-0.00766860,-0.04061089,-0.23219980,0.04445241,0.43828797,0.04499114,0.07201265,-0.23372486,-0.00053873,0.36627532,XLK,-0.05430568,0.13838678,0.20796094,-0.17789412,-0.09393437,0.23032703,0.62118162,1295289697.64247894,1.79750934,0.23656726,2026-06-26,-0.23656726,0.23410603,0.25303449,0.04456703,-0.00308879,0.17222501,-0.35264689,0.93095755,spy_relative;sector_relative;volatility;single_day_move;gap,5,threshold,12.18350000,2026-07-10,5,6,6,41.00000000,-4.00000000,True,True
46,IREN,IREN LIMITED,Financial Services,,NMS,14366623744.00000000,2026-07-20,40.20000076,0.19571690,0.03129813,-0.30820856,-0.16458849,-0.22528423,0.04499114,0.07201265,-0.30973362,-0.20957964,-0.29729688,XLF,0.03681779,0.06885372,0.03071551,-0.34502636,-0.23344222,-0.25599974,1.29726497,1809989410.67876816,1.12093556,0.19571690,2026-07-20,0.19571690,0.16427640,0.30984738,,,0.08245091,-0.47389087,1.61038972,spy_relative;sector_relative;single_day_move;gap,4,threshold_and_sector_coverage,12.15830000,2026-07-10,5,6,6,30.00000000,-16.00000000,True,True
47,TE,T1 Energy Inc.,Industrials,,NYQ,1684006528.00000000,2026-07-20,6.03000021,0.03253426,-0.07938931,-0.33296458,0.19880715,-0.18623477,0.04499114,0.07201265,-0.33448963,0.15381600,-0.25824742,XLI,-0.00824060,0.02656908,0.07443598,-0.32472398,0.17223807,-0.26067075,1.38062548,259089888.71546745,0.91879832,0.19653178,2026-07-07,-0.19653178,0.16028426,0.32228445,-0.01582729,,0.07740379,-0.49916942,4.19827619,spy_relative;sector_relative;single_day_move;gap,4,threshold,12.15350000,2026-07-10,5,6,6,62.00000000,15.00000000,True,True
48,SNDK,Sandisk Corporation,Technology,,NMS,205985447936.00000000,2026-07-20,1390.94995117,0.02666775,-0.16907114,-0.28989692,0.51027695,2.39886127,0.04499114,0.07201265,-0.29142197,0.46528580,2.32684861,XLK,-0.05430568,0.13838678,0.20796094,-0.23559123,0.37189017,2.19090032,1.29604196,24305017019.97009277,1.46039586,0.21966510,2026-06-25,0.21966510,0.12804358,0.19751803,-0.25267666,-0.17947750,0.16915735,-0.40430409,33.18407466,spy_relative;sector_relative;single_day_move;gap,4,threshold,12.14230000,2026-07-10,5,6,6,33.00000000,-15.00000000,True,True
49,ASTS,"AST SpaceMobile, Inc.",Technology,,NMS,22286112768.00000000,2026-07-20,57.41999817,-0.00657441,-0.15034039,-0.32787080,-0.32865662,-0.43288891,0.04499114,0.07201265,-0.32939585,-0.37364777,-0.50490156,XLK,-0.05430568,0.13838678,0.20796094,-0.27356511,-0.46704341,-0.64084985,1.14522982,1413377513.25304031,1.06106084,0.21441568,2026-06-29,0.21441568,0.18653814,0.34285147,-0.14475047,-0.20686871,0.10722360,-0.56856263,0.55567593,spy_relative;sector_relative;single_day_move;gap,4,threshold,12.13190000,2026-07-13,4,4,3,80.00000000,31.00000000,True,True
50,FPS,"Forgent Power Solutions, Inc.",Industrials,,NYQ,11720512512.00000000,2026-07-20,38.50000000,-0.03242023,-0.09624410,-0.37822996,0.14277238,,0.04499114,0.07201265,-0.37975501,0.09778124,,XLI,-0.00824060,0.02656908,0.07443598,-0.36998936,0.11620330,,1.37401433,495668499.49026108,0.74437475,0.10669529,2026-07-01,-0.10669529,0.14514000,0.63084792,-0.07515030,-0.20681361,0.08457308,-0.40393246,0.37647483,spy_relative;sector_relative;single_day_move;gap,4,threshold,12.10420000,2026-07-10,5,6,6,90.00000000,40.00000000,True,True
51,AAOI,"Applied Optoelectronics, Inc.",Technology,,NGM,8266609664.00000000,2026-07-20,103.01999664,0.00595638,-0.07919200,-0.38436716,-0.35378248,1.78432423,0.04499114,0.07201265,-0.38589222,-0.39877362,1.71231158,XLK,-0.05430568,0.13838678,0.20796094,-0.33006148,-0.49216926,1.57636329,0.79815153,1323902474.32098389,0.71304290,0.13893590,2026-06-23,-0.13893590,0.11309671,0.38663787,0.00488335,-0.22381986,0.07726448,-0.53823400,4.28578747,spy_relative;sector_relative;single_day_move;gap,4,threshold,12.03800000,2026-07-10,5,6,6,51.00000000,0.00000000,True,True
52,CRWV,"CoreWeave, Inc.",Technology,,NMS,39859367936.00000000,2026-07-20,73.05999756,-0.00204892,-0.12303445,-0.36585367,-0.37475397,-0.23102836,0.04499114,0.07201265,-0.36737873,-0.41974512,-0.30304101,XLK,-0.05430568,0.13838678,0.20796094,-0.31154799,-0.51314075,-0.43898930,0.89191395,2389920620.63491821,0.80858271,0.13919031,2026-07-01,-0.13919031,0.16604611,0.53289720,0.04685767,-0.14909254,0.10724335,-0.50884035,0.13183569,spy_relative;sector_relative;single_day_move;gap,4,threshold,12.00710000,2026-07-15,4,4,4,59.00000000,7.00000000,True,True
53,PNR,Pentair plc.,Industrials,,NYQ,10038935552.00000000,2026-07-20,62.11999893,-0.00528426,-0.18829217,-0.15356316,-0.31796226,-0.41927645,0.04499114,0.07201265,-0.15508822,-0.36295340,-0.49128910,XLI,-0.00824060,0.02656908,0.07443598,-0.14532257,-0.34453133,-0.49371243,2.84112622,229793018.71229172,1.76909469,0.14997355,2026-07-15,-0.14997355,0.36288143,0.39083750,,,0.23374734,-0.44826360,0.00000000,spy_relative;sector_relative;volume;volatility;single_day_move;gap,6,threshold,11.99470000,2026-07-15,4,4,4,49.00000000,-4.00000000,True,True
54,ABSI,Absci Corporation,Healthcare,,NMS,1382306688.00000000,2026-07-20,8.15999985,-0.01627489,-0.20078356,0.13649026,1.27932961,1.67540983,0.04499114,0.07201265,0.13496520,1.23433847,1.60339718,XLV,0.05666507,0.07022847,0.01458966,0.07982519,1.20910114,1.66082017,0.51652014,78156916.78893089,1.65980051,0.35964913,2026-06-24,0.35964913,0.27792632,0.10190452,0.10272952,0.13846159,0.28340087,-0.29776248,2.54782609,spy_relative;volatility;single_day_move;gap,4,threshold,11.98000000,2026-07-10,5,6,6,28.00000000,-26.00000000,True,True
55,WEN,Wendy's Company (The),Consumer Cyclical,,NMS,1495272960.00000000,2026-07-20,7.84999990,0.01159790,0.04666665,0.12949642,0.12949642,-0.08079626,0.04499114,0.07201265,0.12797137,0.08450528,-0.15280891,XLY,-0.00761968,-0.04816878,-0.06593314,0.13711610,0.17766520,-0.01486312,0.24536127,259309182.25794315,2.17406734,0.25559103,2026-06-24,0.25559103,0.26877624,0.13130628,0.13740451,-0.03435114,0.24760378,-0.30653709,0.27228522,spy_relative;sector_relative;volatility;single_day_move;gap,5,threshold,11.95150000,2026-07-10,5,6,6,42.00000000,-13.00000000,True,True
56,EQPT,EquipmentShare.com Inc,Industrials,,NMS,4053144064.00000000,2026-07-20,16.05999947,-0.03340357,-0.04546813,-0.31250004,-0.24847923,,0.04499114,0.07201265,-0.31402510,-0.29347038,,XLI,-0.00824060,0.02656908,0.07443598,-0.30425945,-0.27504831,,0.98221960,61411380.40198326,1.16575421,0.16562498,2026-07-10,0.16562498,0.15088085,0.33994044,-0.10911528,,0.12500000,-0.53624028,0.00374997,spy_relative;sector_relative;single_day_move;gap,4,threshold,11.88030000,2026-07-17,2,2,2,103.00000000,47.00000000,True,False
57,BILL,"BILL Holdings, Inc.",Technology,,NYQ,4499780096.00000000,2026-07-20,45.18000031,0.01051222,0.05412972,0.40354154,0.16413292,-0.06362694,0.04499114,0.07201265,0.40201649,0.11914178,-0.13563959,XLK,-0.05430568,0.13838678,0.20796094,0.45784723,0.02574614,-0.27158788,1.10863001,97773490.32342911,0.64483717,0.07880112,2026-07-15,0.07880112,0.14677114,0.64249380,,,0.03733090,-0.19765585,0.41364210,spy_relative;sector_relative;single_day_move,3,threshold,11.87400000,2026-07-13,5,5,5,116.00000000,59.00000000,True,True
58,COTY,Coty Inc.,Consumer Defensive,,NYQ,2377259520.00000000,2026-07-20,2.70000005,0.03448282,0.20535716,0.42105267,0.14406787,-0.14826499,0.04499114,0.07201265,0.41952762,0.09907672,-0.22027764,XLP,0.01410134,0.02910504,0.03022943,0.40695133,0.11496283,-0.17849442,0.59614669,32102517.08415449,1.13991334,0.10204084,2026-06-30,0.10204084,0.15921659,0.55797832,-0.00925925,0.09722213,0.02109713,-0.47572816,0.45945947,spy_relative;sector_relative;single_day_move,3,threshold_and_sector_coverage,11.78870000,2026-07-20,1,1,1,,,True,False
59,BE,Bloom Energy Corporation,Industrials,,NYQ,56052510720.00000000,2026-07-20,197.05999756,-0.08327135,-0.15602384,-0.30853713,-0.05195806,0.41596609,0.04499114,0.07201265,-0.31006218,-0.09694921,0.34395344,XLI,-0.00824060,0.02656908,0.07443598,-0.30029653,-0.07852714,0.34153011,0.93569896,4157871001.38679504,1.12377120,0.18487609,2026-06-26,-0.18487609,0.12494366,0.24564810,0.17074035,-0.07352590,0.10553708,-0.43021543,6.77050445,spy_relative;sector_relative;single_day_move;gap,4,threshold,11.77820000,2026-07-16,3,3,3,127.00000000,68.00000000,True,True
60,QLYS,"Qualys, Inc.",Technology,,NMS,5506883584.00000000,2026-07-20,156.36999512,-0.01919336,0.03187279,0.39392044,0.88012503,0.16877198,0.04499114,0.07201265,0.39239538,0.83513388,0.09675933,XLK,-0.05430568,0.13838678,0.20796094,0.44822612,0.74173825,-0.03918896,0.73134718,117397852.60559082,1.15538147,0.08301440,2026-07-14,0.08301440,0.11996608,0.48801518,,,0.02800197,-0.04722155,1.05209976,spy_relative;sector_relative;single_day_move,3,threshold,11.69370000,2026-07-10,5,6,6,58.00000000,-2.00000000,True,True
61,CAPR,"Capricor Therapeutics, Inc.",Healthcare,,NMS,1129281920.00000000,2026-07-20,19.50000000,0.00308639,-0.05385738,-0.30232560,-0.43804036,-0.18885194,0.04499114,0.07201265,-0.30385066,-0.48303150,-0.26086460,XLV,0.05666507,0.07022847,0.01458966,-0.35899067,-0.50826883,-0.20344161,0.82382926,40345682.05333710,0.95031040,0.13026313,2026-06-26,-0.13026313,0.20936705,0.56178308,-0.15166415,-0.22049924,0.10526312,-0.44821732,3.23913052,spy_relative;sector_relative;single_day_move;gap,4,threshold_and_sector_coverage,11.65020000,2026-07-10,5,6,6,113.00000000,52.00000000,True,True
62,FA,First Advantage Corporation,Industrials,,NMS,3825275904.00000000,2026-07-20,22.29999924,-0.00223719,0.08357625,0.41228621,0.78257385,0.49163876,0.04499114,0.07201265,0.41076116,0.73758270,0.41962611,XLI,-0.00824060,0.02656908,0.07443598,0.42052681,0.75600477,0.41720279,1.03381851,38567205.15126228,0.67613915,0.08653084,2026-07-02,0.08653084,0.18005425,0.73346049,-0.04822210,0.08865074,0.02361833,-0.00223719,1.49162008,spy_relative;sector_relative;single_day_move,3,threshold_and_sector_coverage,11.62730000,2026-07-16,3,3,3,128.00000000,66.00000000,True,True
63,VSH,"Vishay Intertechnology, Inc.",Technology,,NYQ,5731731968.00000000,2026-07-20,37.36999893,-0.01163720,-0.10896518,-0.38057355,0.44174378,1.09121417,0.04499114,0.07201265,-0.38209860,0.39675264,1.01920152,XLK,-0.05430568,0.13838678,0.20796094,-0.32626786,0.30335700,0.88325323,0.74961787,373134473.32319260,1.20954006,0.10330016,2026-07-02,-0.10330016,0.10827216,0.49195493,-0.02722126,-0.17661144,0.08635396,-0.42419109,2.16159052,spy_relative;sector_relative;single_day_move;gap,4,threshold,11.56390000,2026-07-10,5,6,6,79.00000000,16.00000000,True,True
64,CLBK,"Columbia Financial, Inc.",Financial Services,,NMS,2549426688.00000000,2026-07-20,24.50000000,0.04611443,0.15077496,0.23487902,0.32004314,0.54671716,0.04499114,0.07201265,0.23335397,0.27505200,0.47470451,XLF,0.03681779,0.06885372,0.03071551,0.19806123,0.25118942,0.51600165,11.06925220,38386090.96092224,1.09635339,0.04611443,2026-07-20,0.04611443,0.14708765,0.67971796,,,0.03576472,0.00000000,0.78441375,spy_relative;sector_relative;volume,3,threshold,11.54230000,2026-07-20,1,1,1,,,True,False
65,FRMI,Fermi Inc.,Real Estate,,NMS,3905069824.00000000,2026-07-20,6.11999989,0.01157020,-0.03011094,-0.29330254,-0.06564890,-0.36842104,0.04499114,0.07201265,-0.29482760,-0.11064004,-0.44043369,XLRE,0.02865586,0.01686151,0.08465225,-0.32195840,-0.08251041,-0.45307328,0.73423287,139392593.41917753,0.79131951,0.10137678,2026-06-25,0.10137678,0.09241088,0.31325657,-0.08409088,-0.25113636,0.16051915,-0.81186597,0.27499993,spy_relative;sector_relative;single_day_move;gap,4,threshold_and_sector_coverage,11.45120000,2026-07-10,2,3,2,133.00000000,68.00000000,True,False
66,PSNL,"Personalis, Inc.",Healthcare,,NGM,1396979456.00000000,2026-07-20,13.34000015,-0.13320339,-0.11303190,0.36820514,0.98216941,0.38813742,0.04499114,0.07201265,0.36668009,0.93717826,0.31612477,XLV,0.05666507,0.07022847,0.01458966,0.31154007,0.91194094,0.37354776,1.85641541,78315129.16739464,1.01072927,0.13320339,2026-07-20,-0.13320339,0.13795573,0.32886136,,,0.05425601,-0.15516148,2.02837673,spy_relative;sector_relative;volume;single_day_move,4,threshold,11.41200000,2026-07-10,5,6,6,14.00000000,-52.00000000,True,True
67,RDW,Redwire Corporation,Industrials,,NYQ,2053898112.00000000,2026-07-20,8.60000038,0.01775155,-0.10323251,-0.40111417,-0.16827851,-0.20810307,0.04499114,0.07201265,-0.40263922,-0.21326965,-0.28011572,XLI,-0.00824060,0.02656908,0.07443598,-0.39287357,-0.19484758,-0.28253905,0.57039376,230415191.85018539,0.56325904,0.10123236,2026-07-07,-0.10123236,0.11422375,0.56486324,-0.04603333,,0.03659649,-0.66795365,0.69960484,spy_relative;sector_relative;single_day_move,3,threshold,11.39010000,2026-07-10,5,6,6,94.00000000,27.00000000,True,True
68,BW,"Babcock & Wilcox Enterprises, I",Industrials,,NYQ,1537512448.00000000,2026-07-20,10.32999992,0.04448934,-0.05489482,-0.39801865,-0.43736386,0.24308055,0.04499114,0.07201265,-0.39954370,-0.48235500,0.17106790,XLI,-0.00824060,0.02656908,0.07443598,-0.38977805,-0.46393294,0.16864458,0.80396872,58810949.14966583,0.59333296,0.10472976,2026-06-23,-0.10472976,0.11572878,0.54674124,-0.11320750,-0.32264146,0.06475223,-0.52723113,10.68552023,spy_relative;sector_relative;single_day_move,3,threshold,11.36270000,2026-07-13,5,5,5,70.00000000,2.00000000,True,True
69,SOLS,Solstice Advanced Materials Inc,Basic Materials,,NMS,8969820160.00000000,2026-07-20,56.47000122,-0.03271668,-0.07517196,-0.33673947,-0.30455661,-0.06676578,0.04499114,0.07201265,-0.33826452,-0.34954775,-0.13877843,XLB,-0.03825455,-0.03565926,0.02185457,-0.29848492,-0.26889735,-0.08862035,0.93798908,285920785.59522629,1.43720541,0.15139044,2026-07-06,-0.15139044,0.19830680,0.52426401,-0.10271861,-0.17016901,0.08479864,-0.36264106,0.36302198,spy_relative;sector_relative;single_day_move;gap,4,threshold,11.33350000,2026-07-10,5,6,6,111.00000000,42.00000000,True,True
70,VECO,Veeco Instruments Inc.,Technology,,NMS,3093787136.00000000,2026-07-20,50.68999863,-0.03022770,-0.09092539,-0.33109000,0.17966016,0.48694627,0.04499114,0.07201265,-0.33261506,0.13466902,0.41493362,XLK,-0.05430568,0.13838678,0.20796094,-0.27678432,0.04127338,0.27898533,0.63601437,95403063.70357513,1.26249562,0.18477022,2026-07-02,-0.18477022,0.18491402,0.39393152,-0.00156549,-0.09079842,0.07410274,-0.38957131,1.54212624,spy_relative;sector_relative;single_day_move;gap,4,threshold,11.31570000,2026-07-10,5,6,6,101.00000000,31.00000000,True,True
71,FRVO,Fervo Energy Company,Utilities,,NMS,7510499840.00000000,2026-07-20,25.48999977,0.03407709,-0.01430784,-0.30145249,,,0.04499114,0.07201265,-0.30297755,,,XLU,0.01079621,-0.02642984,0.03049755,-0.31224870,,,0.64938577,97839696.58289909,,0.16037339,2026-07-09,0.16037339,0.16638670,0.36807025,-0.15502741,,0.08691933,-0.40023530,0.10298568,spy_relative;sector_relative;single_day_move;gap,4,threshold_and_sector_coverage,11.22310000,2026-07-10,5,6,6,110.00000000,39.00000000,True,True
72,AIP,"Arteris, Inc.",Technology,,NGM,1416556544.00000000,2026-07-20,30.68000031,-0.01159796,-0.06434890,-0.27195062,0.38635343,0.76626361,0.04499114,0.07201265,-0.27347568,0.34136229,0.69425095,XLK,-0.05430568,0.13838678,0.20796094,-0.21764494,0.24796665,0.55830266,0.59761037,39744419.81766701,1.64092873,0.19972608,2026-07-02,-0.19972608,0.18596579,0.28823323,-0.00827156,-0.11466059,0.07292132,-0.36859436,2.57159485,spy_relative;sector_relative;volatility;single_day_move;gap,5,threshold,11.12790000,2026-07-15,4,4,4,100.00000000,28.00000000,True,True
73,BAND,Bandwidth Inc.,Technology,,NMS,2202790912.00000000,2026-07-20,68.80000305,-0.04191609,-0.06787691,0.35326520,1.99000445,4.08499663,0.04499114,0.07201265,0.35174015,1.94501330,4.01298398,XLK,-0.05430568,0.13838678,0.20796094,0.40757089,1.85161767,3.87703569,0.55067588,80714491.71642303,0.76909716,0.11356518,2026-07-07,0.11356518,0.13257861,0.36003359,0.12152160,,0.03455281,-0.12289647,4.36661503,spy_relative;sector_relative;single_day_move,3,threshold,11.11370000,2026-07-13,4,4,3,55.00000000,-18.00000000,True,True
74,FLY,Firefly Aerospace Inc.,Industrials,,NGM,3230506752.00000000,2026-07-20,19.67000008,0.02075763,-0.11674900,-0.36853932,-0.55009150,-0.33882353,0.04499114,0.07201265,-0.37006437,-0.59508265,-0.41083618,XLI,-0.00824060,0.02656908,0.07443598,-0.36029872,-0.57666058,-0.41325950,0.64513766,126490751.37448311,0.70431454,0.13743141,2026-06-29,0.13743141,0.14886251,0.49133622,-0.11669533,-0.25817557,0.04111195,-0.67406793,0.17222880,spy_relative;sector_relative;single_day_move,3,threshold,11.09280000,2026-07-10,5,6,6,78.00000000,4.00000000,True,True
75,EPC,Edgewell Personal Care Company,Consumer Defensive,,NYQ,1317465216.00000000,2026-07-20,28.59000015,-0.03607551,0.04994494,0.26728727,0.22179490,0.50552925,0.04499114,0.07201265,0.26576222,0.17680375,0.43351660,XLP,0.01410134,0.02910504,0.03022943,0.25318593,0.19268986,0.47529983,0.69720408,29383262.78682709,1.64765399,0.15404930,2026-06-23,0.15404930,0.24648625,0.38786767,0.02440890,-0.00839052,0.09066908,-0.03607551,0.79698306,spy_relative;sector_relative;volatility;single_day_move;gap,5,threshold,11.08130000,2026-07-10,5,6,6,47.00000000,-28.00000000,True,True
76,LUNR,"Intuitive Machines, Inc.",Industrials,,NGM,2219055360.00000000,2026-07-20,13.82999992,0.02292895,-0.08712869,-0.39128520,-0.49854968,-0.29076923,0.04499114,0.07201265,-0.39281025,-0.54354082,-0.36278189,XLI,-0.00824060,0.02656908,0.07443598,-0.38304460,-0.52511875,-0.36520521,0.88150094,197510252.62644291,0.52614645,0.09494955,2026-07-16,-0.09494955,0.11605763,0.59533448,,,0.05811013,-0.69737419,0.71801237,spy_relative;sector_relative;single_day_move,3,threshold,11.05460000,2026-07-10,5,6,6,65.00000000,-11.00000000,True,True
77,ARM,Arm Holdings plc,Technology,,NMS,287964692480.00000000,2026-07-20,269.60998535,0.00905716,-0.09826418,-0.35635508,0.61704548,1.56502696,0.04499114,0.07201265,-0.35788014,0.57205433,1.49301431,XLK,-0.05430568,0.13838678,0.20796094,-0.30204940,0.47865869,1.35706602,0.72915850,2293579181.84448242,0.87742246,0.10136855,2026-06-23,-0.10136855,0.11069848,0.47307297,-0.03226072,-0.18054538,0.09251447,-0.38649709,1.57876593,spy_relative;sector_relative;single_day_move;gap,4,threshold,11.01890000,2026-07-15,4,4,4,120.00000000,43.00000000,True,True
78,NSP,"Insperity, Inc.",Industrials,,NYQ,1973346816.00000000,2026-07-20,51.70000076,0.04339055,0.06840259,0.38829212,0.78892739,0.11614856,0.04499114,0.07201265,0.38676706,0.74393624,0.04413591,XLI,-0.00824060,0.02656908,0.07443598,0.39653271,0.76235831,0.04171258,0.94837169,30359687.34157562,0.80428721,0.08589857,2026-06-23,0.08589857,0.11656633,0.45156829,0.11528079,0.18520520,0.04999994,-0.15825460,1.59799004,spy_relative;sector_relative;single_day_move,3,threshold,11.01840000,2026-07-16,3,3,3,63.00000000,-15.00000000,True,True
79,WDC,Western Digital Corporation,Technology,,NMS,168004976640.00000000,2026-07-20,487.42001343,0.02137382,-0.12263518,-0.31554630,0.30843989,1.19459703,0.04499114,0.07201265,-0.31707136,0.26344875,1.12258438,XLK,-0.05430568,0.13838678,0.20796094,-0.26124062,0.17005311,0.98663609,0.77383453,5627425444.99755859,1.31119001,0.13168688,2026-06-26,-0.13168688,0.11053206,0.31248794,-0.01532951,-0.05268995,0.13228644,-0.34682333,6.26841681,spy_relative;sector_relative;single_day_move;gap,4,threshold,10.99990000,2026-07-16,3,3,3,104.00000000,25.00000000,True,True
80,TTMI,"TTM Technologies, Inc.",Technology,,NMS,13829711872.00000000,2026-07-20,133.16999817,0.00886362,-0.02325068,-0.34301924,0.05489544,0.31982157,0.04499114,0.07201265,-0.34454429,0.00990430,0.24780892,XLK,-0.05430568,0.13838678,0.20796094,-0.28871355,-0.08349134,0.11186063,0.65962698,538365494.35989380,0.87076282,0.13199778,2026-07-02,-0.13199778,0.16160150,0.50150681,-0.06116165,-0.15373764,0.08375854,-0.39869961,2.32426344,spy_relative;sector_relative;single_day_move;gap,4,threshold,10.99800000,2026-07-13,5,5,5,92.00000000,12.00000000,True,True
81,PTRN,Pattern Group Inc. - Series A,Technology,,NMS,5559115264.00000000,2026-07-20,28.01000023,-0.00355747,-0.01511956,0.36968211,1.07021440,0.97253525,0.04499114,0.07201265,0.36815706,1.02522325,0.90052260,XLK,-0.05430568,0.13838678,0.20796094,0.42398780,0.93182761,0.76457431,0.68397257,63146055.31127930,0.68659862,0.07567158,2026-07-06,0.07567158,0.12751877,0.53986221,0.00035175,-0.01477313,0.02250356,-0.04727889,1.92075076,spy_relative;sector_relative;single_day_move,3,threshold,10.98280000,2026-07-10,5,6,6,34.00000000,-47.00000000,True,True
82,ORKA,"Oruka Therapeutics, Inc.",Healthcare,,NGM,5531222528.00000000,2026-07-20,91.70999908,-0.01067959,0.08455537,0.29387701,0.33067327,1.82184613,0.04499114,0.07201265,0.29235196,0.28568212,1.74983347,XLV,0.05666507,0.07022847,0.01458966,0.23721194,0.26044479,1.80725646,0.71004734,159214717.43137360,1.24326689,0.18025991,2026-06-22,0.18025991,0.21461098,0.31403816,0.08327478,-0.01030683,0.11971253,-0.03635599,6.02758603,spy_relative;sector_relative;single_day_move;gap,4,threshold,10.90490000,2026-07-10,4,5,2,38.00000000,-44.00000000,True,True
83,ACHC,"Acadia Healthcare Company, Inc.",Healthcare,,NMS,3166424576.00000000,2026-07-20,34.43000031,-0.00202898,0.12663616,0.46510640,0.27518520,1.89084809,0.04499114,0.07201265,0.46358134,0.23019405,1.81883544,XLV,0.05666507,0.07022847,0.01458966,0.40844132,0.20495672,1.87625843,0.88570085,108537087.64443398,0.64358219,0.06644999,2026-06-30,0.06644999,0.10539021,0.61452913,0.04097525,0.09278699,0.02945025,-0.00202898,1.94777392,spy_relative;sector_relative,2,threshold,10.90030000,2026-07-20,1,1,1,,,True,False
84,PRGS,Progress Software Corporation,Technology,,NMS,1620011264.00000000,2026-07-20,39.50000000,-0.02589394,0.03322000,0.31316490,0.27707726,-0.03470181,0.04499114,0.07201265,0.31163984,0.23208611,-0.10671446,XLK,-0.05430568,0.13838678,0.20796094,0.36747058,0.13869048,-0.24266276,0.58552920,36441528.63161087,1.35502459,0.16617027,2026-07-01,0.16617027,0.22998252,0.38655424,-0.01685393,0.03038812,0.04237507,-0.22274695,0.57433239,spy_relative;sector_relative;single_day_move,3,threshold,10.86270000,2026-07-16,3,3,3,99.00000000,15.00000000,True,True
85,BRUN,Boost Run Inc.,Technology,,NGM,1442345216.00000000,2026-07-20,23.47999954,-0.03849306,-0.08566981,-0.33371174,0.65352112,0.87539926,0.04499114,0.07201265,-0.33523679,0.60852997,0.80338661,XLK,-0.05430568,0.13838678,0.20796094,-0.27940605,0.51513433,0.66743831,0.82460884,45225973.04431915,1.03901223,0.14281515,2026-06-30,0.14281515,0.15661705,0.43675187,-0.23125488,-0.33883023,0.07705789,-0.40102043,1.29073166,spy_relative;sector_relative;single_day_move;gap,4,threshold,10.82410000,2026-07-13,4,4,3,109.00000000,24.00000000,True,True
86,HUBS,"HubSpot, Inc.",Technology,,NYQ,11835803648.00000000,2026-07-20,231.21000671,0.03099087,0.06259484,0.30841491,0.03919278,-0.29774628,0.04499114,0.07201265,0.30688985,-0.00579837,-0.36975893,XLK,-0.05430568,0.13838678,0.20796094,0.36272059,-0.09919400,-0.50570723,0.93917227,300969106.25015259,0.72967874,0.08920603,2026-06-26,0.08920603,0.14333644,0.43714168,0.04512857,0.17318162,0.07422213,-0.58778749,0.35782246,spy_relative;sector_relative;single_day_move;gap,4,threshold,10.70480000,2026-07-20,1,1,1,,,True,False
87,INTA,"Intapp, Inc.",Technology,,NMS,2247116032.00000000,2026-07-20,29.15999985,0.00137359,0.02100842,0.32364952,0.27782648,-0.26027394,0.04499114,0.07201265,0.32212447,0.23283533,-0.33228659,XLK,-0.05430568,0.13838678,0.20796094,0.37795521,0.13943970,-0.46823488,0.72468583,20312508.04378510,0.87854308,0.13578564,2026-06-26,0.13578564,0.23453351,0.49373336,0.10355858,0.14194319,0.05707280,-0.38829450,0.52351101,spy_relative;sector_relative;single_day_move,3,threshold,10.69080000,2026-07-16,3,3,3,140.00000000,53.00000000,True,True
88,AEVA,"Aeva Technologies, Inc.",Technology,,NMS,1073809664.00000000,2026-07-20,15.89999962,-0.04847394,-0.15470494,-0.32311623,0.01080738,-0.19778003,0.04499114,0.07201265,-0.32464128,-0.03418377,-0.26979268,XLK,-0.05430568,0.13838678,0.20796094,-0.26881054,-0.12757940,-0.40574097,0.61185923,46112099.64772224,1.23986569,0.22881766,2026-06-29,0.22881766,0.16191474,0.27335642,-0.15971953,-0.22789250,0.06015039,-0.45715264,0.73014150,spy_relative;sector_relative;single_day_move,3,threshold,10.68700000,2026-07-13,5,5,5,126.00000000,38.00000000,True,True
89,GWRE,"Guidewire Software, Inc.",Technology,,NYQ,12421017600.00000000,2026-07-20,149.19000244,-0.00553261,0.06328847,0.34199878,0.06290967,-0.10175203,0.04499114,0.07201265,0.34047373,0.01791853,-0.17376468,XLK,-0.05430568,0.13838678,0.20796094,0.39630447,-0.07547711,-0.30971297,0.86158404,207454497.06985474,0.86312730,0.10336063,2026-06-26,0.10336063,0.19573648,0.56801523,0.13261436,0.15500489,0.04917678,-0.43031159,0.45281915,spy_relative;sector_relative;single_day_move,3,threshold,10.68630000,2026-07-17,2,2,2,144.00000000,55.00000000,True,False
90,INOD,Innodata Inc.,Technology,,NGM,2027244672.00000000,2026-07-20,62.08000183,0.02088473,-0.08866707,-0.39445958,0.32282125,0.07759072,0.04499114,0.07201265,-0.39598464,0.27783011,0.00557807,XLK,-0.05430568,0.13838678,0.20796094,-0.34015390,0.18443447,-0.13037023,0.64145569,83398182.21977234,0.39396426,0.10263645,2026-06-25,-0.10263645,0.13632075,0.65241501,-0.05875927,-0.07351732,0.04003085,-0.48905348,0.80203194,spy_relative;sector_relative;single_day_move,3,threshold,10.66800000,2026-07-10,5,6,6,72.00000000,-18.00000000,True,True
91,VICR,Vicor Corporation,Technology,,NMS,10528849920.00000000,2026-07-20,230.99000549,-0.02790165,-0.08395462,-0.28963313,0.05934420,0.58777847,0.04499114,0.07201265,-0.29115818,0.01435305,0.51576582,XLK,-0.05430568,0.13838678,0.20796094,-0.23532744,-0.07904258,0.37981753,0.92825132,284955955.50872803,1.24871261,0.19205614,2026-07-02,-0.19205614,0.15629802,0.27206277,-0.03852279,-0.16020504,0.09356281,-0.39177943,4.26773121,spy_relative;sector_relative;single_day_move;gap,4,threshold,10.66130000,2026-07-16,3,3,3,132.00000000,41.00000000,True,True
92,CNMD,CONMED Corporation,Healthcare,,NYQ,1308244480.00000000,2026-07-20,43.45000076,0.00578704,0.02452254,0.35316101,0.11182187,0.02115162,0.04499114,0.07201265,0.35163595,0.06683073,-0.05086103,XLV,0.05666507,0.07022847,0.01458966,0.29649594,0.04159340,0.00656196,0.95974518,30201657.75817871,1.61753857,0.10213099,2026-07-13,0.10213099,0.13540339,0.40728878,0.02452254,,0.03894302,-0.22146569,0.35316101,spy_relative;sector_relative;volatility;single_day_move,4,threshold,10.63900000,2026-07-15,3,3,1,,,True,False
93,USAR,"USA Rare Earth, Inc.",Basic Materials,,NGM,3726341376.00000000,2026-07-20,15.22999954,-0.02683707,-0.11504937,-0.35329087,-0.23659153,-0.09291252,0.04499114,0.07201265,-0.35481592,-0.28158268,-0.16492518,XLB,-0.03825455,-0.03565926,0.02185457,-0.31503632,-0.20093227,-0.11476709,0.87361863,218332823.45631599,0.58014396,0.08113693,2026-07-07,-0.08113693,0.09355397,0.49388905,0.02305961,,0.07649259,-0.60625648,0.37828048,spy_relative;sector_relative;single_day_move;gap,4,threshold_and_sector_coverage,10.62500000,2026-07-16,2,2,1,,,True,False
94,KVYO,"Klaviyo, Inc. Series A",Technology,,NYQ,5431928320.00000000,2026-07-20,18.14999962,0.02716466,0.03951893,0.34843979,-0.02785219,-0.29101565,0.04499114,0.07201265,0.34691473,-0.07284334,-0.36302830,XLK,-0.05430568,0.13838678,0.20796094,0.40274547,-0.16623898,-0.49897659,0.63318841,82800922.37640858,0.56015301,0.08344372,2026-07-01,0.08344372,0.15984132,0.58159192,0.04889971,0.08924199,0.05498277,-0.49471045,0.41135304,spy_relative;sector_relative;single_day_move,3,threshold,10.56280000,2026-07-20,1,1,1,,,True,False
95,FORM,"FormFactor, Inc.",Technology,,NMS,8209416192.00000000,2026-07-20,105.30999756,-0.00246284,-0.04524030,-0.24751697,-0.23249040,0.39891072,0.04499114,0.07201265,-0.24904203,-0.27748154,0.32689807,XLK,-0.05430568,0.13838678,0.20796094,-0.19321129,-0.37087718,0.19094978,0.59452511,263031769.44446564,1.58349554,0.15999462,2026-07-02,-0.15999462,0.11970283,0.20935616,-0.04911400,-0.14580465,0.11591985,-0.34152440,2.81281660,spy_relative;sector_relative;volatility;single_day_move;gap,5,threshold,10.52550000,2026-07-15,4,4,4,106.00000000,11.00000000,True,True
96,DOCN,"DigitalOcean Holdings, Inc.",Technology,,NYQ,13922584576.00000000,2026-07-20,119.08999634,0.00151369,-0.03430103,-0.33024016,0.39075091,1.25208007,0.04499114,0.07201265,-0.33176521,0.34575976,1.18006742,XLK,-0.05430568,0.13838678,0.20796094,-0.27593447,0.25236413,1.04411912,0.84654753,535628947.14031219,0.80550376,0.09994464,2026-07-02,-0.09994464,0.11526196,0.45459545,0.00276647,-0.08622148,0.10375280,-0.34309669,3.62665103,spy_relative;sector_relative;single_day_move;gap,4,threshold,10.50620000,2026-07-10,5,6,6,123.00000000,27.00000000,True,True
97,BTDR,Bitdeer Technologies Group,Technology,,NCM,2766476032.00000000,2026-07-20,11.36999989,0.05865923,-0.06265459,-0.36551340,-0.11792090,-0.25491483,0.04499114,0.07201265,-0.36703846,-0.16291205,-0.32692748,XLK,-0.05430568,0.13838678,0.20796094,-0.31120772,-0.25630768,-0.46287577,0.67083448,139171071.50591850,1.02200784,0.14092352,2026-07-09,0.14092352,0.13182299,0.41843497,-0.21598048,,0.05507751,-0.56100386,0.56181313,spy_relative;sector_relative;single_day_move,3,threshold,10.49130000,2026-07-10,5,6,6,73.00000000,-24.00000000,True,True
98,RH,RH,Consumer Cyclical,,NYQ,3481478144.00000000,2026-07-20,183.94999695,-0.02091765,0.13675682,0.35586349,0.30423997,-0.17725201,0.04499114,0.07201265,0.35433843,0.25924883,-0.24926466,XLY,-0.00761968,-0.04816878,-0.06593314,0.36348317,0.35240875,-0.11131887,0.82980736,148962067.75382996,0.95002703,0.10441645,2026-06-24,0.10441645,0.16022671,0.47866333,0.04797502,0.07531627,0.03351206,-0.26713149,0.63003987,spy_relative;sector_relative;single_day_move,3,threshold_and_sector_coverage,10.46440000,2026-07-20,1,1,1,,,True,False
99,NG,Novagold Resources Inc.,Basic Materials,,ASE,2290434560.00000000,2026-07-20,5.21999979,0.00772200,-0.10616444,-0.35555561,-0.52285192,-0.48265612,0.04499114,0.07201265,-0.35708067,-0.56784307,-0.55466877,XLB,-0.03825455,-0.03565926,0.02185457,-0.31730106,-0.48719266,-0.50451069,0.75702744,28484423.19075823,0.79167416,0.14127424,2026-06-24,-0.14127424,0.18856366,0.57299880,-0.02096768,-0.01612902,0.04452050,-0.63239438,0.01953123,spy_relative;sector_relative;single_day_move,3,threshold_and_sector_coverage,10.44800000,2026-07-15,4,4,4,89.00000000,-10.00000000,True,True
100,OMDA,"Omada Health, Inc.",Healthcare,,NMS,1420224768.00000000,2026-07-20,23.88999939,0.00801682,0.01659572,0.38492750,0.68953315,0.52651757,0.04499114,0.07201265,0.38340245,0.64454201,0.45450492,XLV,0.05666507,0.07022847,0.01458966,0.32826243,0.61930468,0.51192791,0.96215082,27650253.01606178,0.67164542,0.10529100,2026-06-26,0.10529100,0.27075325,0.85456987,0.09382485,0.12494020,0.02680706,-0.10791640,1.18372946,spy_relative;sector_relative;single_day_move,3,threshold,10.40000000,2026-07-13,5,5,5,97.00000000,-3.00000000,True,True
101,NEO,"NeoGenomics, Inc.",Healthcare,,NCM,1854215680.00000000,2026-07-20,14.23999977,-0.02532511,0.00921333,0.37186894,0.70538912,0.10989866,0.04499114,0.07201265,0.37034389,0.66039797,0.03788601,XLV,0.05666507,0.07022847,0.01458966,0.31520387,0.63516064,0.09530900,1.13061237,49565761.78206921,1.12746389,0.12467300,2026-06-24,0.12467300,0.20054446,0.51837532,0.16046517,0.14186046,0.02881243,-0.06068602,1.94214862,spy_relative;sector_relative;single_day_move,3,threshold,10.35040000,2026-07-15,4,4,4,84.00000000,-17.00000000,True,True
102,APLD,Applied Digital Corporation,Technology,,NMS,7958681600.00000000,2026-07-20,27.85000038,0.07987590,-0.03432732,-0.38885230,-0.11671425,-0.20925612,0.04499114,0.07201265,-0.39037736,-0.16170539,-0.28126877,XLK,-0.05430568,0.13838678,0.20796094,-0.33454662,-0.25510103,-0.41721706,1.06413479,659163971.60359383,0.62038907,0.08921805,2026-07-16,-0.08921805,0.10587861,0.57310022,,,0.06305315,-0.43907352,1.77667010,spy_relative;sector_relative;single_day_move,3,threshold,10.33610000,2026-07-13,5,5,5,69.00000000,-33.00000000,True,True
103,POET,POET Technologies Inc.,Technology,,NCM,1289247232.00000000,2026-07-20,7.46999979,0.01082543,-0.06625003,-0.37489541,0.02892556,-0.10108310,0.04499114,0.07201265,-0.37642046,-0.01606559,-0.17309575,XLK,-0.05430568,0.13838678,0.20796094,-0.32058972,-0.10946122,-0.30904404,0.73739165,142782096.11675262,0.51213290,0.11248971,2026-06-23,-0.11248971,0.11110000,0.45516228,-0.04193847,-0.20689650,0.06947892,-0.63684979,0.79136682,spy_relative;sector_relative;single_day_move,3,threshold,10.31960000,2026-07-13,5,5,5,81.00000000,-22.00000000,True,True
104,CHYM,"Chime Financial, Inc.",Technology,,NMS,8355749888.00000000,2026-07-20,21.93000031,-0.01791310,0.04677802,0.32108433,-0.09079604,-0.15131578,0.04499114,0.07201265,0.31955927,-0.13578718,-0.22332843,XLK,-0.05430568,0.13838678,0.20796094,0.37539001,-0.22918282,-0.35927672,1.06663289,131079154.99101639,0.85796335,0.11220576,2026-06-26,0.11220576,0.18928322,0.47803905,0.05561029,0.03100399,0.02690379,-0.39419890,0.33394158,spy_relative;sector_relative;single_day_move,3,threshold,10.28980000,2026-07-15,3,3,2,114.00000000,10.00000000,True,False
105,MRVL,"Marvell Technology, Inc.",Technology,,NMS,174967324672.00000000,2026-07-20,194.94000244,0.03317792,-0.10384773,-0.32672516,0.39551864,1.42523027,0.04499114,0.07201265,-0.32825022,0.35052750,1.35321762,XLK,-0.05430568,0.13838678,0.20796094,-0.27241948,0.25713186,1.21726933,0.57045279,8048086010.80177307,1.00666580,0.09836426,2026-07-02,-0.09836426,0.09634501,0.37983305,-0.03864811,-0.23078806,0.09432852,-0.38393955,2.12855076,spy_relative;sector_relative;single_day_move;gap,4,threshold,10.26110000,2026-07-15,4,4,4,124.00000000,19.00000000,True,True
106,VOYG,"Voyager Technologies, Inc.",Industrials,,NYQ,1479183104.00000000,2026-07-20,24.95999908,-0.03629346,-0.15846260,-0.35236122,-0.20281062,-0.24705889,0.04499114,0.07201265,-0.35388628,-0.24780176,-0.31907154,XLI,-0.00824060,0.02656908,0.07443598,-0.34412063,-0.22937970,-0.32149486,0.91709808,60930947.12873459,0.85762033,0.10678308,2026-07-15,-0.10678308,0.11349174,0.45373575,,,0.03349281,-0.51786751,0.38743743,spy_relative;sector_relative;single_day_move,3,threshold,10.25060000,2026-07-13,5,5,5,142.00000000,36.00000000,True,True
107,UUUU,Energy Fuels Inc,Energy,,ASE,2934050816.00000000,2026-07-20,11.73999977,0.02175805,-0.10038317,-0.23267976,-0.42703758,-0.43881454,0.04499114,0.07201265,-0.23420482,-0.47202873,-0.51082720,XLE,0.05981344,0.05307158,0.21697118,-0.29249320,-0.48010916,-0.65578572,0.84559235,116910036.30833626,0.48784205,0.08235289,2026-06-18,0.08235289,0.13201236,0.42034904,-0.11714974,-0.16847821,0.17124182,-0.57647907,0.38606841,spy_relative;sector_relative;single_day_move;gap,4,threshold_and_sector_coverage,10.20650000,2026-07-16,3,3,3,108.00000000,1.00000000,True,True
108,FOUR,"Shift4 Payments, Inc.",Technology,,NYQ,5042740736.00000000,2026-07-20,50.86999893,0.01113094,0.03331301,0.29869802,0.02436567,-0.22819002,0.04499114,0.07201265,0.29717296,-0.02062548,-0.30020267,XLK,-0.05430568,0.13838678,0.20796094,0.35300370,-0.11402111,-0.43615096,0.61141017,69760362.05999374,1.00088685,0.14352220,2026-06-24,0.14352220,0.24098195,0.44806937,0.11261871,0.11465399,0.03272028,-0.52373373,0.42772937,spy_relative;sector_relative;single_day_move,3,threshold,10.17750000,2026-07-10,3,4,1,,,True,False
109,FIVN,"Five9, Inc.",Technology,,NGM,1967694464.00000000,2026-07-20,25.70000076,0.00469120,-0.00426186,0.32747934,0.62864393,0.35192007,0.04499114,0.07201265,0.32595428,0.58365278,0.27990742,XLK,-0.05430568,0.13838678,0.20796094,0.38178502,0.49025715,0.14395912,0.70485357,51719343.83304596,0.69476081,0.09277291,2026-06-26,0.09277291,0.18815625,0.58505242,0.13039403,0.21060037,0.05540489,-0.11865566,0.88831752,spy_relative;sector_relative;single_day_move,3,threshold,10.17210000,2026-07-20,1,1,1,,,True,False
110,KYMR,"Kymera Therapeutics, Inc.",Healthcare,,NGM,9135526912.00000000,2026-07-20,111.05999756,-0.04068411,0.00597822,0.23537259,0.26621820,0.56158596,0.04499114,0.07201265,0.23384753,0.22122706,0.48957331,XLV,0.05666507,0.07022847,0.01458966,0.17870752,0.19598973,0.54699630,0.42534532,139716093.82854462,2.01203595,0.16611591,2026-06-25,0.16611591,0.22269318,0.28839656,-0.02533056,0.02481538,0.08941624,-0.06945958,1.94745214,spy_relative;sector_relative;volatility;single_day_move;gap,5,threshold,10.14880000,2026-07-10,5,6,6,46.00000000,-64.00000000,True,True
111,AVAV,"AeroVironment, Inc.",Industrials,,NMS,7216705536.00000000,2026-07-20,142.60000610,0.00281300,0.00564177,-0.14666982,-0.25504123,-0.62331932,0.04499114,0.07201265,-0.14819488,-0.30003238,-0.69533198,XLI,-0.00824060,0.02656908,0.07443598,-0.13842923,-0.28161031,-0.69775530,0.60389323,383429093.90159607,1.29628190,0.18755401,2026-06-30,0.18755401,0.18722675,0.15915053,-0.04416313,-0.14448419,0.26978417,-0.65205082,0.04331295,spy_relative;sector_relative;single_day_move;gap,4,threshold,10.11620000,2026-07-10,5,6,6,121.00000000,10.00000000,True,True
112,TXG,"10x Genomics, Inc.",Healthcare,,NMS,5487046656.00000000,2026-07-20,43.22000122,-0.01188844,0.03471393,0.34516028,0.65720864,1.03867923,0.04499114,0.07201265,0.34363522,0.61221750,0.96666658,XLV,0.05666507,0.07022847,0.01458966,0.28849521,0.58698017,1.02408957,1.07365359,135117659.05394554,1.16120468,0.15025346,2026-07-09,0.15025346,0.18791538,0.37976967,0.03201859,,0.03096535,-0.05612578,2.81128753,spy_relative;sector_relative;single_day_move,3,threshold,10.04810000,2026-07-10,5,6,6,85.00000000,-27.00000000,True,True
113,ISRG,"Intuitive Surgical, Inc.",Healthcare,,NMS,125079699456.00000000,2026-07-20,353.17001343,0.02243645,-0.13251617,-0.12186081,-0.24730926,-0.34760041,0.04499114,0.07201265,-0.12338586,-0.29230041,-0.41961306,XLV,0.05666507,0.07022847,0.01458966,-0.17852588,-0.31753774,-0.36219007,2.62387367,1367016109.67193604,2.18481642,0.14145099,2026-07-17,-0.14145099,0.27950275,0.25121069,,,0.09270994,-0.40428434,0.02243645,spy_relative;sector_relative;volume;volatility;single_day_move;gap,6,threshold,10.03330000,2026-07-17,2,2,2,87.00000000,-26.00000000,True,False
114,OKTA,"Okta, Inc.",Technology,,NMS,25794750464.00000000,2026-07-20,148.41000366,-0.00629396,0.06364226,0.31301429,1.05411770,0.61420491,0.04499114,0.07201265,0.31148924,1.00912655,0.54219226,XLK,-0.05430568,0.13838678,0.20796094,0.36731998,0.91573092,0.40624397,0.89263099,438163349.59976196,0.80044760,0.10814876,2026-07-14,0.10814876,0.18542348,0.47369508,,,0.02766231,-0.04016293,1.35833470,spy_relative;sector_relative;single_day_move,3,threshold,10.03010000,2026-07-15,3,3,2,134.00000000,20.00000000,True,False
115,IONQ,"IonQ, Inc.",Technology,,NYQ,12780764160.00000000,2026-07-20,34.24000168,-0.01552608,-0.11934154,-0.37392572,-0.25710563,-0.28006727,0.04499114,0.07201265,-0.37545077,-0.30209677,-0.35207992,XLK,-0.05430568,0.13838678,0.20796094,-0.31962003,-0.39549241,-0.48802821,0.91500145,1028871139.22655106,0.66669932,0.09286046,2026-07-13,-0.09286046,0.11875224,0.58899508,-0.11934154,,0.02983539,-0.58289678,0.28770220,spy_relative;sector_relative;single_day_move,3,threshold,10.01500000,2026-07-13,5,5,5,125.00000000,10.00000000,True,True
116,GLXY,Galaxy Digital Inc.,Financial Services,,NMS,9225035776.00000000,2026-07-20,23.65999985,0.09385117,0.01327621,-0.28389833,-0.08436534,-0.26039387,0.04499114,0.07201265,-0.28542338,-0.12935648,-0.33240652,XLF,0.03681779,0.06885372,0.03071551,-0.32071612,-0.15321906,-0.29110938,0.73095156,187984478.55515480,0.74912435,0.09385117,2026-07-20,0.09385117,0.11195859,0.39328066,,,0.07592722,-0.44797015,0.40498810,spy_relative;sector_relative;single_day_move;gap,4,threshold,10.00210000,2026-07-10,5,6,6,74.00000000,-42.00000000,True,True
117,ERAS,"Erasca, Inc.",Healthcare,,NMS,6532937216.00000000,2026-07-20,18.81999969,-0.01825771,0.05139665,0.34620889,-0.00999477,0.96861913,0.04499114,0.07201265,0.34468384,-0.05498591,0.89660648,XLV,0.05666507,0.07022847,0.01458966,0.28954382,-0.08022324,0.95402947,1.40081783,114264630.05436420,0.71527256,0.14241103,2026-06-29,0.14241103,0.16345669,0.34813967,0.00382721,0.06615632,0.04721036,-0.16243880,12.53956827,spy_relative;sector_relative;single_day_move,3,threshold,9.96230000,2026-07-10,5,6,6,50.00000000,-67.00000000,True,True
118,SHAZ,"SharonAI Holdings, Inc.",Technology,,NCM,2215648768.00000000,2026-07-20,62.34000015,-0.02042739,-0.08672725,-0.26701942,0.68395460,,0.04499114,0.07201265,-0.26854448,0.63896346,,XLK,-0.05430568,0.13838678,0.20796094,-0.21271374,0.54556782,,1.05695504,144208147.82876968,0.91559180,0.17744065,2026-07-06,0.17744065,0.14509449,0.25196858,-0.14632313,-0.22036017,0.09389625,-0.32750807,2.55821909,spy_relative;sector_relative;single_day_move;gap,4,threshold,9.89200000,2026-07-20,1,1,1,,,True,False
119,BRBR,"BellRing Brands, Inc.",Consumer Defensive,,NYQ,1412775808.00000000,2026-07-20,12.14999962,0.00247523,-0.04705885,0.33958104,-0.24721189,-0.50041119,0.04499114,0.07201265,0.33805598,-0.29220304,-0.57242384,XLP,0.01410134,0.02910504,0.03022943,0.32547970,-0.27631693,-0.53064062,0.44331821,74324469.95744228,0.90413293,0.10816130,2026-06-23,0.10816130,0.12746401,0.34825915,0.14818093,0.16947647,0.02453097,-0.78876913,0.53797462,spy_relative;sector_relative;single_day_move,3,threshold_and_sector_coverage,9.83940000,2026-07-10,5,6,6,86.00000000,-33.00000000,True,True
120,NRIX,"Nurix Therapeutics, Inc.",Healthcare,,NGM,2356881920.00000000,2026-07-20,22.70999908,-0.01773364,0.00000000,0.32651857,0.29697309,0.20413565,0.04499114,0.07201265,0.32499352,0.25198194,0.13212300,XLV,0.05666507,0.07022847,0.01458966,0.26985350,0.22674462,0.18954599,0.45619479,44953525.19902229,1.41328423,0.16373057,2026-06-25,0.16373057,0.27194020,0.48014316,0.06723065,0.02671418,0.03037375,-0.08019447,1.75606793,spy_relative;sector_relative;single_day_move,3,threshold,9.77460000,2026-07-10,5,6,6,93.00000000,-27.00000000,True,True
121,ENOV,Enovis Corporation,Healthcare,,NYQ,1544980352.00000000,2026-07-20,26.84000015,-0.00849647,0.02247620,0.28729015,0.01975686,0.10634789,0.04499114,0.07201265,0.28576510,-0.02523429,0.03433524,XLV,0.05666507,0.07022847,0.01458966,0.23062508,-0.05047162,0.09175823,0.77765464,30279008.27762604,1.62174258,0.15111109,2026-07-06,0.15111109,0.15171023,0.25832284,0.01351353,0.03629346,0.02744507,-0.19447778,0.33932130,spy_relative;sector_relative;volatility;single_day_move,4,threshold,9.69480000,2026-07-16,2,2,1,,,True,False
122,AMPX,"Amprius Technologies, Inc.",Industrials,,NYQ,1436099584.00000000,2026-07-20,10.14000034,-0.00196846,-0.08483751,-0.32399998,-0.45688268,-0.00098515,0.04499114,0.07201265,-0.32552503,-0.50187383,-0.07299780,XLI,-0.00824060,0.02656908,0.07443598,-0.31575938,-0.48345176,-0.07542113,0.80190137,89536296.92475796,0.77017044,0.11331441,2026-06-24,-0.11331441,0.12026379,0.40531960,0.08546323,-0.05111824,0.04576854,-0.55739850,0.59433964,spy_relative;sector_relative;single_day_move,3,threshold,9.63480000,2026-07-10,5,6,6,119.00000000,-3.00000000,True,True
123,S,"SentinelOne, Inc.",Technology,,NYQ,6670960128.00000000,2026-07-20,19.45999908,-0.00562088,0.04905660,0.31486479,0.38801701,0.38210222,0.04499114,0.07201265,0.31333973,0.34302586,0.31008956,XLK,-0.05430568,0.13838678,0.20796094,0.36917047,0.24963023,0.17414127,1.32261878,129347895.31747341,1.03778619,0.07385450,2026-07-14,0.07385450,0.13462418,0.50639286,,,0.02414376,-0.02309242,0.62981573,spy_relative;sector_relative;single_day_move,3,threshold,9.58640000,2026-07-15,4,4,4,138.00000000,15.00000000,True,True
124,FIG,"Figma, Inc.",Technology,,NYQ,12691605504.00000000,2026-07-20,24.02000046,0.00292274,0.01564486,0.28793571,0.26955604,-0.23987341,0.04499114,0.07201265,0.28641065,0.22456490,-0.31188606,XLK,-0.05430568,0.13838678,0.20796094,0.34224139,0.13116926,-0.44783435,0.99613584,483413723.19349289,1.10752302,0.12032207,2026-07-13,0.12032207,0.14349413,0.30653658,0.01564486,,0.06828752,-0.80311475,0.42636581,spy_relative;sector_relative;single_day_move,3,threshold,9.57700000,2026-07-15,4,4,4,88.00000000,-36.00000000,True,True
125,AMC,"AMC Entertainment Holdings, Inc",Communication Services,,NYQ,2195807488.00000000,2026-07-20,2.46000004,0.26804122,0.31550804,-0.07518799,0.32258066,0.53750000,0.04499114,0.07201265,-0.07671304,0.27758951,0.46548735,XLC,0.01465207,-0.06968930,-0.04655362,-0.08984006,0.39226995,0.58405362,1.23021364,115981721.34391963,1.88977676,0.26804122,2026-07-20,0.26804122,0.19289388,0.05630715,,,0.23550728,-0.29714285,1.58947376,sector_relative;volatility;single_day_move;gap,4,threshold,9.57640000,2026-07-13,5,5,5,35.00000000,-90.00000000,True,True
126,OUST,"Ouster, Inc.",Technology,,NMS,2339841024.00000000,2026-07-20,34.77000046,-0.06128511,-0.13140141,-0.14611986,0.43322342,0.26897814,0.04499114,0.07201265,-0.14764491,0.38823227,0.19696549,XLK,-0.05430568,0.13838678,0.20796094,-0.09181417,0.29483664,0.06101719,0.75391637,247893466.44315720,1.64843057,0.28676818,2026-06-29,0.28676818,0.16601200,0.09222120,-0.18513036,-0.22378396,0.09521814,-0.44385796,1.09079989,spy_relative;sector_relative;volatility;single_day_move;gap,5,threshold,9.54910000,2026-07-10,3,4,1,,,True,False
127,XE,"X-Energy, Inc.",Industrials,,NMS,4501603328.00000000,2026-07-20,15.65999985,0.11697570,0.01490600,-0.31555942,,,0.04499114,0.07201265,-0.31708448,,,XLI,-0.00824060,0.02656908,0.07443598,-0.30731883,,,0.94149923,80424778.12642574,,0.11697570,2026-07-20,0.11697570,0.12469790,0.39886417,,,0.03190566,-0.56475820,0.13232104,spy_relative;sector_relative;single_day_move,3,threshold,9.47610000,2026-07-16,3,3,3,122.00000000,-5.00000000,True,True
128,SEI,"Solaris Energy Infrastructure, ",Energy,,NYQ,5816552448.00000000,2026-07-20,60.54000092,0.00431324,-0.09843634,-0.25516730,-0.07741545,0.09277977,0.04499114,0.07201265,-0.25669236,-0.12240659,0.02076712,XLE,0.05981344,0.05307158,0.21697118,-0.31498074,-0.13048702,-0.12419141,1.92283628,211080665.40229797,0.96368158,0.08749691,2026-07-01,-0.08749691,0.11364900,0.37620893,-0.07028053,-0.16385180,0.06364848,-0.26954630,1.42937403,spy_relative;sector_relative;volume;single_day_move,4,threshold_and_sector_coverage,9.46410000,2026-07-20,1,1,1,,,True,False
129,UCTT,"Ultra Clean Holdings, Inc.",Technology,,NMS,4113449728.00000000,2026-07-20,91.76000214,-0.00724871,-0.06605596,-0.17785143,0.15406867,1.11623618,0.04499114,0.07201265,-0.17937649,0.10907752,1.04422353,XLK,-0.05430568,0.13838678,0.20796094,-0.12354575,0.01568188,0.90827524,0.83428916,180034089.44484711,1.55220576,0.17833161,2026-07-02,-0.17833161,0.12959858,0.14033025,-0.00197226,-0.13194969,0.14458424,-0.35647658,3.24225639,spy_relative;sector_relative;volatility;single_day_move;gap,5,threshold,9.43440000,2026-07-10,3,4,1,,,True,False
130,CRCL,"Circle Internet Group, Inc.",Financial Services,,NYQ,17494173696.00000000,2026-07-20,65.44999695,0.08253387,0.03888884,-0.18786450,-0.38202252,-0.14556138,0.04499114,0.07201265,-0.18938956,-0.42701367,-0.21757403,XLF,0.03681779,0.06885372,0.03071551,-0.22468229,-0.45087624,-0.17627689,0.82200031,975445059.05050278,0.91672721,0.17548707,2026-06-30,-0.17548707,0.18794672,0.21895150,0.02299215,0.04885840,0.12140939,-0.69713098,0.30300612,spy_relative;sector_relative;single_day_move;gap,4,threshold,9.41730000,2026-07-10,5,6,6,95.00000000,-35.00000000,True,True
131,CLSK,"CleanSpark, Inc.",Financial Services,,NCM,3700296192.00000000,2026-07-20,14.42000008,0.10667693,0.16666671,-0.14064365,0.20467834,0.13275731,0.04499114,0.07201265,-0.14216871,0.15968720,0.06074466,XLF,0.03681779,0.06885372,0.03071551,-0.17746145,0.13582462,0.10204181,2.17746604,334607219.32391167,1.05192805,0.10667693,2026-07-20,0.10667693,0.10803185,0.15290571,,,0.18810686,-0.37844829,0.76283613,spy_relative;sector_relative;volume;single_day_move;gap,5,threshold,9.41630000,2026-07-15,4,4,4,71.00000000,-60.00000000,True,True
132,AMKR,"Amkor Technology, Inc.",Technology,,NMS,15506905088.00000000,2026-07-20,62.56000137,-0.00603745,-0.05298208,-0.27617724,-0.07139678,0.27154472,0.04499114,0.07201265,-0.27770230,-0.11638793,0.19953207,XLK,-0.05430568,0.13838678,0.20796094,-0.22187156,-0.20978356,0.06358378,0.71686311,383706146.96414948,1.22113919,0.12926612,2026-07-02,-0.12926612,0.12414214,0.30527288,0.01177315,-0.09633888,0.08776062,-0.33126671,1.95931898,spy_relative;sector_relative;single_day_move;gap,4,threshold,9.34510000,2026-07-17,2,2,2,150.00000000,18.00000000,True,False
133,KEEL,Keel Infrastructure Corp.,Technology,,NGM,2620616448.00000000,2026-07-20,4.34000015,0.09873420,-0.00458715,-0.27303177,0.50694444,0.52816911,0.04499114,0.07201265,-0.27455683,0.46195329,0.45615646,XLK,-0.05430568,0.13838678,0.20796094,-0.21872609,0.36855766,0.32020817,0.51326128,242277883.47649813,0.97491340,0.14684014,2026-07-02,-0.14684014,0.13272913,0.28352268,0.01307188,-0.13943357,0.07357354,-0.34834831,2.84070812,spy_relative;sector_relative;single_day_move;gap,4,threshold,9.31480000,2026-07-13,5,5,5,91.00000000,-42.00000000,True,True
134,RHI,Robert Half Inc.,Industrials,,NYQ,4278941184.00000000,2026-07-20,41.83000183,0.00071777,0.17533020,0.29665233,0.52441695,0.44092321,0.04499114,0.07201265,0.29512727,0.47942580,0.36891056,XLI,-0.00824060,0.02656908,0.07443598,0.30489292,0.49784787,0.36648723,0.97887391,79243206.70088768,1.22859588,0.12615806,2026-07-16,0.12615806,0.16565930,0.34741395,,,0.05640326,-0.01968588,0.91354074,spy_relative;sector_relative;single_day_move,3,threshold,9.30250000,2026-07-17,2,2,2,143.00000000,9.00000000,True,False
135,HTFL,"Heartflow, Inc.",Healthcare,,NMS,2118074752.00000000,2026-07-20,24.55999947,-0.01286172,-0.06116209,-0.25213157,-0.21633697,-0.32004429,0.04499114,0.07201265,-0.25365662,-0.26132812,-0.39205694,XLV,0.05666507,0.07022847,0.01458966,-0.30879664,-0.28656544,-0.33463395,0.54775738,65940259.93772507,1.13000985,0.15810613,2026-06-30,-0.15810613,0.19962998,0.35894934,-0.10872531,-0.07123382,0.02271853,-0.38461540,0.19863347,spy_relative;sector_relative;single_day_move,3,threshold,9.28930000,2026-07-20,1,1,1,,,True,False
136,ACLS,"Axcelis Technologies, Inc.",Technology,,NMS,4047653888.00000000,2026-07-20,131.69999695,-0.03459904,-0.03558876,-0.24935880,0.10923939,0.36476681,0.04499114,0.07201265,-0.25088385,0.06424825,0.29275416,XLK,-0.05430568,0.13838678,0.20796094,-0.19505311,-0.02914739,0.15680587,0.69587006,99146862.62168884,1.32854930,0.18970449,2026-07-02,-0.18970449,0.18875010,0.27956306,-0.00795844,-0.05591697,0.07019358,-0.31263052,0.94563440,spy_relative;sector_relative;single_day_move;gap,4,threshold,9.28700000,2026-07-10,4,5,1,,,True,True
137,RCAT,"Red Cat Holdings, Inc.",Industrials,,NCM,1181012096.00000000,2026-07-20,7.76000023,0.01570685,-0.07398567,-0.30714282,-0.38993710,-0.44689947,0.04499114,0.07201265,-0.30866788,-0.43492825,-0.51891212,XLI,-0.00824060,0.02656908,0.07443598,-0.29890223,-0.41650618,-0.52133545,0.62061401,89915723.43020201,0.65639626,0.11206896,2026-06-29,0.11206896,0.12645069,0.40898880,-0.10562017,-0.14825579,0.05711214,-0.55299539,0.26384371,spy_relative;sector_relative;single_day_move,3,threshold,9.19560000,2026-07-13,4,4,1,,,True,True
138,PCT,"PureCycle Technologies, Inc.",Industrials,,NCM,1222369920.00000000,2026-07-20,6.09000015,0.00744418,-0.09104473,-0.29350345,-0.10044311,-0.45159834,0.04499114,0.07201265,-0.29502851,-0.14543425,-0.52361099,XLI,-0.00824060,0.02656908,0.07443598,-0.28526286,-0.12701218,-0.52603432,0.84032151,35301680.72580099,0.80573935,0.13546105,2026-07-16,-0.13546105,0.19098483,0.47856838,,,0.03846150,-0.62706674,0.20355736,spy_relative;sector_relative;single_day_move,3,threshold,9.18880000,2026-07-10,3,4,1,,,True,False
139,BRZE,"Braze, Inc.",Technology,,NMS,2949823488.00000000,2026-07-20,26.19000053,-0.01169809,-0.01541353,0.29846309,0.15578114,0.02786503,0.04499114,0.07201265,0.29693803,0.11079000,-0.04414762,XLK,-0.05430568,0.13838678,0.20796094,0.35276877,0.01739436,-0.18009591,0.84498318,57319574.98233795,0.60823268,0.07409304,2026-06-26,0.07409304,0.15603289,0.55823282,0.14890576,0.26546146,0.06015039,-0.27631938,0.65864475,spy_relative;sector_relative;single_day_move,3,threshold,9.17980000,2026-07-20,1,1,1,,,True,False
140,PURR,Hyperliquid Strategies Inc,Financial Services,,NCM,1385699072.00000000,2026-07-20,7.05000019,0.05538928,-0.01536308,-0.28134558,0.09984405,0.93150685,0.04499114,0.07201265,-0.28287063,0.05485290,0.85949420,XLF,0.03681779,0.06885372,0.03071551,-0.31816337,0.03099033,0.90079135,0.71027436,94412334.99029160,0.85835851,0.11521734,2026-06-23,-0.11521734,0.11337817,0.32091273,-0.03316959,-0.04422606,0.06521733,-0.35733819,1.27419368,spy_relative;sector_relative;single_day_move,3,threshold,9.15890000,2026-07-16,3,3,3,107.00000000,-33.00000000,True,True
141,IOVA,"Iovance Biotherapeutics, Inc.",Healthcare,,NGM,2241442048.00000000,2026-07-20,5.01999998,0.00400000,0.24257426,0.27735366,0.30051817,1.26126122,0.04499114,0.07201265,0.27582861,0.25552702,1.18924857,XLV,0.05666507,0.07022847,0.01458966,0.22068859,0.23028969,1.24667156,1.78674902,74386910.30797005,1.04195004,0.20610679,2026-07-15,0.20610679,0.24004057,0.29390351,,,0.02575105,-0.07208870,1.77348074,spy_relative;sector_relative;single_day_move,3,threshold,9.15080000,2026-07-17,2,2,2,117.00000000,-24.00000000,True,False
142,INFQ,"Infleqtion, Inc.",Technology,,NYQ,1974681984.00000000,2026-07-20,9.05000019,-0.00440044,-0.10661401,-0.32158920,-0.48048220,,0.04499114,0.07201265,-0.32311425,-0.52547334,,XLK,-0.05430568,0.13838678,0.20796094,-0.26728351,-0.61886898,,0.65033482,189124952.26687431,0.76015142,0.12315271,2026-06-23,0.12315271,0.12325789,0.38231376,-0.16541355,-0.27882204,0.05877798,-0.54453952,0.02724174,spy_relative;sector_relative;single_day_move,3,threshold,9.13930000,2026-07-13,4,4,1,,,True,True
143,RIOT,"Riot Platforms, Inc.",Financial Services,,NCM,7525209600.00000000,2026-07-20,19.89999962,0.08981377,-0.01436359,-0.27451697,0.09884036,0.20096560,0.04499114,0.07201265,-0.27604203,0.05384922,0.12895295,XLF,0.03681779,0.06885372,0.03071551,-0.31133477,0.02998664,0.17025009,1.04149179,390275293.66240501,0.85467202,0.12490870,2026-07-01,-0.12490870,0.16483172,0.41572173,-0.10225371,-0.21452419,0.05344041,-0.30637856,0.80417045,spy_relative;sector_relative;single_day_move,3,threshold,9.12660000,2026-07-15,4,4,4,102.00000000,-41.00000000,True,True
144,BJRI,"BJ's Restaurants, Inc.",Consumer Cyclical,,NMS,1446804992.00000000,2026-07-20,68.83999634,0.02000294,0.10338190,0.31374035,0.75657052,0.51296695,0.04499114,0.07201265,0.31221529,0.71157938,0.44095430,XLY,-0.00761968,-0.04816878,-0.06593314,0.32136003,0.80473930,0.57890009,0.90560375,34376067.13190079,1.16707434,0.08035852,2026-07-17,0.08035852,0.15802059,0.54420197,,,0.02696695,0.00000000,1.39944214,spy_relative;sector_relative;single_day_move,3,threshold,9.06770000,2026-07-10,2,3,2,146.00000000,2.00000000,True,False
145,NTLA,"Intellia Therapeutics, Inc.",Healthcare,,NGM,1525767168.00000000,2026-07-20,10.92000008,-0.03999999,-0.16129035,-0.28157893,-0.26956520,-0.08003368,0.04499114,0.07201265,-0.28310399,-0.31455635,-0.15204633,XLV,0.05666507,0.07022847,0.01458966,-0.33824400,-0.33979368,-0.09462334,0.68490292,74078136.80118084,0.78779796,0.09049082,2026-07-16,-0.09049082,0.12049390,0.43145087,,,0.04677911,-0.60972122,0.35820897,spy_relative;sector_relative;single_day_move,3,threshold,9.05960000,2026-07-20,1,1,1,,,True,False
146,COHU,"Cohu, Inc.",Technology,,NMS,2431889152.00000000,2026-07-20,51.54999924,0.00703264,-0.02385916,-0.21237583,0.24939412,0.76904600,0.04499114,0.07201265,-0.21390089,0.20440297,0.69703335,XLK,-0.05430568,0.13838678,0.20796094,-0.15807015,0.11100734,0.56108505,0.59192186,80259567.28563309,1.75736196,0.14238171,2026-07-02,-0.14238171,0.13284629,0.21875952,-0.05230306,-0.13632532,0.08384503,-0.30253015,1.88633804,spy_relative;sector_relative;volatility;single_day_move;gap,5,threshold,9.05300000,2026-07-20,1,1,1,,,True,False
147,AGI,Alamos Gold Inc.,Basic Materials,,NYQ,11830425600.00000000,2026-07-20,28.17000008,-0.00318472,-0.02390854,-0.24497456,-0.42917931,-0.30099254,0.04499114,0.07201265,-0.24649962,-0.47417046,-0.37300519,XLB,-0.03825455,-0.03565926,0.02185457,-0.20672001,-0.39352006,-0.32284711,0.73402635,159494738.10738564,0.86469535,0.11832689,2026-06-22,-0.11832689,0.23080135,0.53802299,-0.04057432,-0.04744071,0.11419927,-0.49087296,0.15925930,spy_relative;sector_relative;single_day_move;gap,4,threshold,8.98700000,2026-07-16,3,3,3,141.00000000,-6.00000000,True,True
148,VIA,"Via Transportation, Inc.",Technology,,NYQ,1582790784.00000000,2026-07-20,18.59000015,0.03507801,0.01529223,0.25438600,0.06532948,-0.21395347,0.04499114,0.07201265,0.25286095,0.02033833,-0.28596612,XLK,-0.05430568,0.13838678,0.20796094,0.30869169,-0.07305731,-0.42191441,0.50211987,21500194.15419102,0.84655331,0.13728040,2026-06-26,0.13728040,0.22303166,0.37480736,0.10640736,0.04748283,0.02877695,-0.65529390,0.39669418,spy_relative;sector_relative;single_day_move,3,threshold,8.98060000,2026-07-17,2,2,2,139.00000000,-9.00000000,True,False
149,STX,Seagate Technology Holdings PLC,Technology,,NMS,181556002816.00000000,2026-07-20,802.45001221,0.01877719,-0.06763410,-0.24728202,0.46499318,1.50515108,0.04499114,0.07201265,-0.24880708,0.42000203,1.43313843,XLK,-0.05430568,0.13838678,0.20796094,-0.19297634,0.32660639,1.29719014,1.02521004,4611582520.11840820,1.27240249,0.12235699,2026-06-26,-0.12235699,0.11994094,0.27345314,-0.03515948,-0.04360490,0.11855021,-0.26652592,4.47411169,spy_relative;sector_relative;single_day_move;gap,4,threshold,8.96380000,2026-07-16,2,2,1,,,True,False
150,UGP,Ultrapar Participacoes S.A. (Ne,Energy,,NYQ,6658756608.00000000,2026-07-20,6.23000002,-0.00320000,0.03833334,0.32553197,0.05059025,0.51213597,0.04499114,0.07201265,0.32400692,0.00559911,0.44012332,XLE,0.05981344,0.05307158,0.21697118,0.26571854,-0.00248132,0.29516479,2.84038192,25350824.19323683,0.99044248,0.06706108,2026-07-06,0.06706108,0.17549653,0.74777102,0.10905733,0.15157120,0.04339246,-0.00320000,1.19366204,spy_relative;sector_relative;volume,3,threshold,8.94960000,2026-07-16,3,3,3,137.00000000,-13.00000000,True,True
