rank,ticker,company_name,sector,industry,exchange,market_cap,market_data_date,price,return_1d,return_5d,return_21d,return_63d,return_126d,spy_return_63d,spy_return_126d,spy_relative_21d,spy_relative_63d,spy_relative_126d,sector_etf,sector_etf_return_21d,sector_etf_return_63d,sector_etf_return_126d,sector_relative_21d,sector_relative_63d,sector_relative_126d,volume_ratio_5d_vs_prev20d,avg_dollar_volume_20d,volatility_ratio_20d_vs_prev120d,max_daily_move_21d,max_daily_move_date_21d,max_daily_move_signed_21d,max_1d_share_of_abs_move_21d,directional_efficiency_21d,post_max_move_return_5d,post_max_move_return_10d,max_gap_21d,distance_from_52w_high,distance_from_52w_low,trigger_conditions,trigger_count,selection_reason,signal_score,first_trigger_date,trigger_days_last_5,trigger_days_last_10,consecutive_trigger_days,rank_previous,rank_change,new_entry,persistent_signal
1,UTZ,Utz Brands Inc,Consumer Defensive,,NYQ,2038504832.00000000,2026-08-18,14.15999985,0.00070673,0.00354360,0.96393894,1.01136363,0.51443842,0.03899003,0.12389257,0.92976521,0.97237359,0.39054586,XLP,0.00848458,-0.00372526,-0.02970516,0.95545436,1.01508888,0.54414359,0.19494351,96375017.34008160,6.15520976,0.88724843,2026-07-21,0.88724843,0.93227908,0.96556888,0.00142244,0.00426739,0.88993292,-0.00070573,1.08235286,spy_relative;sector_relative;volatility;single_day_move;gap,5,threshold_and_sector_coverage,53.05700000,2026-07-21,5,10,17,1.00000000,0.00000000,True,True
2,REPL,"Replimune Group, Inc.",Healthcare,,NMS,1467941888.00000000,2026-08-18,15.57999992,0.06493505,0.14139197,0.63655454,2.16024350,0.95238094,0.03899003,0.12389257,0.60238080,2.12125347,0.82848837,XLV,0.06580845,0.16476801,0.07854102,0.57074608,1.99547549,0.87383991,0.50487128,85302039.97128305,2.06371663,1.07024032,2026-07-31,1.07024032,0.45950526,0.23781900,0.07678577,0.33660719,1.10332718,0.00000000,8.16470558,spy_relative;sector_relative;volatility;single_day_move;gap,5,threshold,47.09090000,2026-08-04,5,10,10,2.00000000,0.00000000,True,True
3,AMLX,"Amylyx Pharmaceuticals, Inc.",Healthcare,,NMS,3912063232.00000000,2026-08-18,35.11000061,0.63835745,0.48582318,0.97469062,1.40809333,1.44668987,0.03899003,0.12389257,0.94051689,1.36910330,1.32279731,XLV,0.06580845,0.16476801,0.07854102,0.90888217,1.24332532,1.36814885,2.98460828,80505464.32477760,4.11678574,0.63835745,2026-08-18,0.63835745,0.47633404,0.57387355,,,0.39664022,0.00000000,3.48976980,spy_relative;sector_relative;volume;volatility;single_day_move;gap,6,threshold_and_sector_coverage,42.30580000,2026-08-06,1,2,1,,,True,False
4,ARX,Accelerant Holdings,Financial Services,,NYQ,4248207872.00000000,2026-08-18,19.55999947,0.00102347,0.56230022,0.54258667,0.56105346,0.70680623,0.03899003,0.12389257,0.50841294,0.52206343,0.58291366,XLF,0.03211990,0.11789714,0.10804596,0.51046677,0.44315632,0.59876027,10.43068971,124510445.88884278,2.66541801,0.43350483,2026-08-13,0.43350483,0.36642090,0.38813870,,,0.44085240,-0.34908486,1.08974361,spy_relative;sector_relative;volume;volatility;single_day_move;gap,6,threshold_and_sector_coverage,32.79860000,2026-08-13,4,4,4,5.00000000,1.00000000,True,True
5,HTFL,"Heartflow, Inc.",Healthcare,,NMS,3932912384.00000000,2026-08-18,45.22999954,0.07844542,0.53114415,0.81792609,0.59738650,1.18925459,0.03899003,0.12389257,0.78375236,0.55839647,1.06536202,XLV,0.06580845,0.16476801,0.07854102,0.75211764,0.43261849,1.11071357,4.26356224,61558493.54455662,1.70760110,0.35698167,2026-08-14,0.35698167,0.41682879,0.75080810,,,0.25959371,0.00000000,1.20741826,spy_relative;sector_relative;volume;volatility;single_day_move;gap,6,threshold,31.51360000,2026-07-20,3,3,3,12.00000000,7.00000000,True,True
6,ABCL,AbCellera Biologics Inc.,Healthcare,,NMS,3409519360.00000000,2026-08-18,11.11999989,-0.00714285,0.13934422,0.91724130,1.67307699,2.50788631,0.03899003,0.12389257,0.88306756,1.63408696,2.38399375,XLV,0.06580845,0.16476801,0.07854102,0.85143285,1.50830898,2.42934529,1.62387540,84094471.37658381,1.59033125,0.34776340,2026-08-10,0.34776340,0.32449259,0.64395033,0.19914343,,0.26406933,-0.02284712,3.00000000,spy_relative;sector_relative;volatility;single_day_move;gap,5,threshold_and_sector_coverage,31.48190000,2026-07-28,5,7,7,6.00000000,0.00000000,True,True
7,ETON,"Eton Pharmaceuticals, Inc.",Healthcare,,NGM,1813028352.00000000,2026-08-18,63.43000031,0.02753930,0.50844237,0.64753248,1.05807920,2.95202513,0.03899003,0.12389257,0.61335874,1.01908917,2.82813256,XLV,0.06580845,0.16476801,0.07854102,0.58172403,0.89331119,2.87348410,2.13329946,34856465.61115952,2.94931805,0.44264710,2026-08-14,0.44264710,0.36454289,0.44332191,,,0.34632356,0.00000000,3.42020896,spy_relative;sector_relative;volume;volatility;single_day_move;gap,6,threshold,29.36090000,2026-07-21,3,3,3,4.00000000,-3.00000000,True,True
8,FBRX,"Forte Biosciences, Inc.",Healthcare,,NCM,1632092288.00000000,2026-08-18,76.87999725,-0.00013008,0.00013002,0.74133623,2.11759926,1.57554426,0.03899003,0.12389257,0.70716250,2.07860923,1.45165170,XLV,0.06580845,0.16476801,0.07854102,0.67552778,1.95283125,1.49700324,0.42488020,169181447.17743111,1.15423994,0.39649510,2026-07-27,0.39649510,0.44421977,0.69154604,0.00078428,0.00483664,0.39485223,-0.00129912,6.46407727,spy_relative;sector_relative;single_day_move;gap,4,threshold,28.58860000,2026-07-17,5,8,8,7.00000000,-1.00000000,True,True
9,OMER,Omeros Corporation,Healthcare,,NGM,1244132352.00000000,2026-08-18,17.19000053,-0.00979263,0.26397059,0.77399394,0.40326535,0.47048769,0.03899003,0.12389257,0.73982021,0.36427532,0.34659513,XLV,0.06580845,0.16476801,0.07854102,0.70818549,0.23849734,0.39194667,3.27610558,34128254.00083294,1.53027034,0.26549966,2026-08-13,0.26549966,0.30748849,0.70210647,,,0.21444198,-0.00979263,3.26550860,spy_relative;sector_relative;volume;volatility;single_day_move;gap,6,threshold,27.79660000,2026-08-13,4,4,4,8.00000000,-1.00000000,True,True
10,HZO,"MarineMax, Inc.  (FL)",Consumer Cyclical,,NYQ,1152485888.00000000,2026-08-18,52.18000031,-0.00133971,-0.00533738,0.50028758,0.56461777,0.81558806,0.03899003,0.12389257,0.46611385,0.52562774,0.69169549,XLY,-0.00835176,-0.01946573,0.00198057,0.50863935,0.58408350,0.81360749,1.08110563,44158800.52664910,3.29618987,0.46076229,2026-08-10,0.46076229,0.58099983,0.57220016,0.00249426,,0.45431611,-0.00533738,1.43490432,spy_relative;sector_relative;volatility;single_day_move;gap,5,threshold_and_sector_coverage,27.45440000,2026-08-10,5,7,7,10.00000000,0.00000000,True,True
11,TEAM,Atlassian Corporation,Technology,,NMS,41261625344.00000000,2026-08-18,163.00000000,0.02943036,0.05789199,0.69034532,0.82255274,0.98417525,0.03899003,0.12389257,0.65617159,0.78356271,0.86028268,XLK,0.05639968,0.06457900,0.33080012,0.63394564,0.75797374,0.65337513,0.82215018,705054999.45849764,1.66831011,0.35309077,2026-08-07,0.35309077,0.28805638,0.44974767,0.08821355,,0.31737312,-0.10616364,1.85214341,spy_relative;sector_relative;volatility;single_day_move;gap,5,threshold,26.81670000,2026-07-27,5,8,8,11.00000000,0.00000000,True,True
12,AXTI,AXT Inc,Technology,,NMS,5397330944.00000000,2026-08-18,82.30999756,-0.14233618,0.11561397,0.68564396,-0.22261051,2.54631628,0.03899003,0.12389257,0.65147023,-0.26160054,2.42242371,XLK,0.05639968,0.06457900,0.33080012,0.62924428,-0.28718951,2.21551616,0.99807379,877002736.12186968,1.23645332,0.28738820,2026-07-31,0.28738820,0.12669898,0.23749561,0.46582825,0.35098459,0.42117599,-0.41553649,37.46261380,spy_relative;sector_relative;single_day_move;gap,4,threshold,26.13130000,2026-07-10,5,10,23,3.00000000,-9.00000000,True,True
13,SAFT,"Safety Insurance Group, Inc.",Financial Services,,NMS,1516200192.00000000,2026-08-18,103.27999878,-0.00077401,-0.00077401,0.39851051,0.42415890,0.28409795,0.03899003,0.12389257,0.36433678,0.38516887,0.16020539,XLF,0.03211990,0.11789714,0.10804596,0.36639061,0.30626176,0.17605199,0.48659448,41003590.16265869,7.40514493,0.41486144,2026-07-24,0.41486144,0.90876470,0.86276173,0.00184111,0.00290701,0.41225663,-0.00289634,0.53302649,spy_relative;sector_relative;volatility;single_day_move;gap,5,threshold,25.88680000,2026-07-27,5,10,13,13.00000000,0.00000000,True,True
14,LIFE,Ethos Technologies Inc.,Financial Services,,NMS,3259465728.00000000,2026-08-18,34.00999832,-0.03298265,0.01674133,0.82359244,0.56655918,2.30515048,0.03899003,0.12389257,0.78941871,0.52756915,2.18125791,XLF,0.03211990,0.11789714,0.10804596,0.79147254,0.44866203,2.19710452,1.24111259,41916208.41219902,0.92493595,0.21112570,2026-08-04,0.21112570,0.23129946,0.68441761,0.20976496,0.23001804,0.19710907,-0.03298265,2.45279157,spy_relative;sector_relative;single_day_move;gap,4,threshold_and_sector_coverage,25.59310000,2026-08-06,5,9,9,9.00000000,-5.00000000,True,True
15,UMAC,"Unusual Machines, Inc.",Technology,,ASE,1527669888.00000000,2026-08-18,30.57999992,0.01426203,0.17751254,0.75949375,1.11626300,1.51894556,0.03899003,0.12389257,0.72532002,1.07727297,1.39505299,XLK,0.05639968,0.06457900,0.33080012,0.70309407,1.05168400,1.18814544,2.10799695,127937588.91688585,1.05684779,0.25036717,2026-08-14,0.25036717,0.14694063,0.34155437,,,0.16850221,-0.10217267,2.94072152,spy_relative;sector_relative;volume;single_day_move;gap,5,threshold_and_sector_coverage,25.01010000,2026-08-10,5,7,7,15.00000000,0.00000000,True,True
16,CLBT,Cellebrite DI Ltd.,Technology,,NMS,2758645248.00000000,2026-08-18,11.00000000,0.05363989,-0.31378668,-0.28432010,-0.19295672,-0.23076924,0.03899003,0.12389257,-0.31849383,-0.23194675,-0.35466181,XLK,0.05639968,0.06457900,0.33080012,-0.34071978,-0.25753572,-0.56156936,11.19946227,46899654.51912365,1.92329890,0.29180327,2026-08-13,-0.29180327,0.35102425,0.37777001,,,0.32327871,-0.43762780,0.05363989,spy_relative;sector_relative;volume;volatility;single_day_move;gap,6,threshold_and_sector_coverage,24.53120000,2026-08-13,4,4,4,14.00000000,-2.00000000,True,True
17,NIQ,NIQ Global Intelligence plc,Technology,,NYQ,5108635648.00000000,2026-08-18,17.31999969,0.00405795,0.04463207,0.61266295,0.91805096,0.53274331,0.03899003,0.12389257,0.57848922,0.87906093,0.40885074,XLK,0.05639968,0.06457900,0.33080012,0.55626327,0.85347196,0.20194319,1.03950300,27989381.46539860,2.16985469,0.41952050,2026-08-11,0.41952050,0.53654077,0.67273423,0.04463207,,0.17380134,-0.06124667,1.17314933,spy_relative;sector_relative;volatility;single_day_move;gap,5,threshold,24.10700000,2026-08-11,5,6,6,16.00000000,-1.00000000,True,True
18,EFOR,"Everforth, Inc.",Technology,,NYQ,1262390016.00000000,2026-08-18,30.79000092,-0.00226830,-0.06213831,0.78389342,0.77463978,-0.27569979,0.03899003,0.12389257,0.74971969,0.73564975,-0.39959235,XLK,0.05639968,0.06457900,0.33080012,0.72749374,0.71006078,-0.60649991,0.70767557,27313555.91407242,0.78882109,0.17770183,2026-07-30,0.17770183,0.21564130,0.72653309,0.16866165,0.14871238,0.11062663,-0.43244238,0.80480668,spy_relative;sector_relative;single_day_move;gap,4,threshold_and_sector_coverage,22.58410000,2026-07-31,5,10,11,32.00000000,14.00000000,True,True
19,VOYG,"Voyager Technologies, Inc.",Industrials,,NYQ,2558661120.00000000,2026-08-18,42.24000168,-0.03956339,-0.01538461,0.69230782,0.10057323,0.58083843,0.03899003,0.12389257,0.65813409,0.06158320,0.45694586,XLI,0.03059742,0.07508057,0.04849215,0.66171040,0.02549266,0.53234628,0.90491375,58441862.28827324,1.16055693,0.19564446,2026-08-04,0.19564446,0.17290775,0.47865468,0.28097938,0.26127201,0.21349523,-0.18408342,1.34797122,spy_relative;sector_relative;single_day_move;gap,4,threshold_and_sector_coverage,22.34290000,2026-07-13,5,8,8,18.00000000,-1.00000000,True,True
20,IOVA,"Iovance Biotherapeutics, Inc.",Healthcare,,NGM,3184389120.00000000,2026-08-18,7.03000021,-0.00985911,0.08320500,0.40039845,1.07374631,1.68320630,0.03899003,0.12389257,0.36622472,1.03475628,1.55931374,XLV,0.06580845,0.16476801,0.07854102,0.33459000,0.90897830,1.60466528,0.70402095,99485767.78599612,1.73965142,0.43087553,2026-08-06,0.43087553,0.37404115,0.31086676,0.04991948,,0.37096765,-0.00985911,2.88397814,spy_relative;sector_relative;volatility;single_day_move;gap,5,threshold,21.37490000,2026-07-17,5,9,9,19.00000000,-1.00000000,True,True
21,DOCS,"Doximity, Inc.",Healthcare,,NYQ,4445454848.00000000,2026-08-18,24.94000053,0.01712888,-0.04481042,0.14772209,0.27374876,0.01464608,0.03899003,0.12389257,0.11354836,0.23475872,-0.10924649,XLV,0.06580845,0.16476801,0.07854102,0.08191364,0.10898075,-0.06389495,0.54397516,196709626.28019485,2.09126298,0.32623426,2026-08-07,0.32623426,0.37561577,0.16623098,-0.09489053,,0.88117144,-0.66799788,0.38478624,spy_relative;sector_relative;volatility;single_day_move;gap,5,threshold,21.08610000,2026-08-07,5,8,8,21.00000000,0.00000000,True,True
22,APPS,"Digital Turbine, Inc.",Technology,,NCM,1466716928.00000000,2026-08-18,12.11999989,-0.00980391,-0.07055215,0.45323737,1.99259242,2.00000000,0.03899003,0.12389257,0.41906364,1.95360239,1.87610743,XLK,0.05639968,0.06457900,0.33080012,0.39683769,1.92801342,1.66919988,0.71531840,49469647.88500404,1.55764189,0.38485802,2026-08-05,0.38485802,0.31339918,0.32142394,-0.05770693,,0.25657198,-0.15774846,3.29787240,spy_relative;sector_relative;volatility;single_day_move;gap,5,threshold,20.40050000,2026-08-06,5,9,9,24.00000000,2.00000000,True,True
23,UTI,Universal Technical Institute I,Consumer Defensive,,NYQ,1379033728.00000000,2026-08-18,25.03000069,-0.04282979,-0.01804626,-0.38304163,-0.39686745,-0.11835149,0.03899003,0.12389257,-0.41721537,-0.43585748,-0.24224406,XLP,0.00848458,-0.00372526,-0.02970516,-0.39152621,-0.39314220,-0.08864633,1.01627547,49895858.86495161,2.24468624,0.34222323,2026-08-06,-0.34222323,0.34017688,0.44489112,-0.07283820,,0.26717017,-0.51113281,0.14974737,spy_relative;sector_relative;volatility;single_day_move;gap,5,threshold_and_sector_coverage,20.31130000,2026-08-06,5,9,9,26.00000000,3.00000000,True,True
24,MKTX,"MarketAxess Holdings, Inc.",Financial Services,,NMS,5721308672.00000000,2026-08-18,162.57000732,0.00006158,0.00024616,0.41463635,0.15207998,-0.08540080,0.03899003,0.12389257,0.38046262,0.11308995,-0.20929337,XLF,0.03211990,0.11789714,0.10804596,0.38251645,0.03418284,-0.19344677,0.86084654,247921591.50757903,3.43635042,0.29451992,2026-07-30,0.29451992,0.67102903,0.86414156,-0.00086016,-0.00098297,0.29762180,-0.16032226,0.49023754,spy_relative;sector_relative;volatility;single_day_move;gap,5,threshold,20.28730000,2026-07-31,5,10,11,23.00000000,-1.00000000,True,True
25,BLLN,"BillionToOne, Inc.",Healthcare,,NMS,4151987456.00000000,2026-08-18,87.98999786,-0.06303914,-0.10159286,-0.29686752,0.02171383,-0.05569867,0.03899003,0.12389257,-0.33104125,-0.01727620,-0.17959124,XLV,0.06580845,0.16476801,0.07854102,-0.36267597,-0.14305418,-0.13423970,0.68085552,91492498.04300308,1.83402066,0.38887777,2026-08-06,-0.38887777,0.42082301,0.34421885,0.02607746,,0.29879307,-0.41328268,0.37419959,spy_relative;sector_relative;volatility;single_day_move;gap,5,threshold,19.71800000,2026-08-06,5,9,9,31.00000000,6.00000000,True,True
26,GLUE,"Monte Rosa Therapeutics, Inc.",Healthcare,,NMS,1282260352.00000000,2026-08-18,15.02999973,-0.02275685,-0.04631983,-0.35103628,-0.19539617,-0.18756758,0.03899003,0.12389257,-0.38521001,-0.23438620,-0.31146015,XLV,0.06580845,0.16476801,0.07854102,-0.41684473,-0.36016418,-0.26610861,0.49045423,26441624.20316543,1.82731755,0.27160493,2026-07-31,-0.27160493,0.36120253,0.54160205,-0.03874094,-0.06174337,0.31790123,-0.40616357,2.41590896,spy_relative;sector_relative;volatility;single_day_move;gap,5,threshold_and_sector_coverage,19.66540000,2026-07-10,5,10,11,29.00000000,3.00000000,True,True
27,FIGS,"FIGS, Inc.",Consumer Cyclical,,NYQ,2352545792.00000000,2026-08-18,14.15999985,-0.01117317,-0.00770852,0.42454733,0.15970514,0.34600753,0.03899003,0.12389257,0.39037360,0.12071511,0.22211496,XLY,-0.00835176,-0.01946573,0.00198057,0.43289909,0.17917087,0.34402696,0.54002685,41187440.62346687,1.38462357,0.26868332,2026-08-07,0.26868332,0.36607340,0.50240498,0.03015423,,0.35231318,-0.17289725,1.15525106,spy_relative;sector_relative;single_day_move;gap,4,threshold_and_sector_coverage,19.16230000,2026-08-07,5,8,8,35.00000000,8.00000000,True,True
28,SEDG,"SolarEdge Technologies, Inc.",Technology,,NMS,1834697728.00000000,2026-08-18,29.81999969,-0.03150377,-0.10477339,-0.44230411,-0.51716320,-0.16070924,0.03899003,0.12389257,-0.47647785,-0.55615324,-0.28460181,XLK,0.05639968,0.06457900,0.33080012,-0.49870380,-0.58174220,-0.49150936,0.71188007,139186418.25247115,1.23403537,0.30475794,2026-08-05,-0.30475794,0.25951029,0.47139578,-0.05545726,,0.18098846,-0.62017579,0.04741835,spy_relative;sector_relative;single_day_move;gap,4,threshold_and_sector_coverage,19.12900000,2026-08-06,5,9,9,28.00000000,0.00000000,True,True
29,AEHR,Aehr Test Systems,Technology,,NCM,4020470528.00000000,2026-08-18,123.25000000,-0.15356089,0.05180065,0.59320061,0.47481154,3.32607936,0.03899003,0.12389257,0.55902688,0.43582151,3.20218679,XLK,0.05639968,0.06457900,0.33080012,0.53680093,0.41023254,2.99527924,0.90527520,263071541.19292602,1.13742752,0.27856777,2026-07-21,0.27856777,0.13816370,0.23716023,-0.29228594,0.11100996,0.09561595,-0.15356089,6.09148481,spy_relative;sector_relative;single_day_move;gap,4,threshold,19.04330000,2026-07-10,5,10,10,17.00000000,-12.00000000,True,True
30,PAYC,"Paycom Software, Inc.",Technology,,NYQ,9722850304.00000000,2026-08-18,215.72000122,0.00714318,0.01644445,0.49049960,0.59911053,0.81720161,0.03899003,0.12389257,0.45632587,0.56012050,0.69330904,XLK,0.05639968,0.06457900,0.33080012,0.43409992,0.53453153,0.48640149,0.73975773,190214898.83725587,2.13454020,0.23552630,2026-08-06,0.23552630,0.28029024,0.49187616,0.03546791,,0.21790615,-0.07768608,0.89911091,spy_relative;sector_relative;volatility;single_day_move;gap,5,threshold,19.03100000,2026-08-06,5,9,9,41.00000000,11.00000000,True,True
31,UWMC,UWM Holdings Corporation,Financial Services,,NYQ,4127027712.00000000,2026-08-18,1.44000006,-0.03355701,-0.05882347,-0.23809520,-0.50684931,-0.70247934,0.03899003,0.12389257,-0.27226893,-0.54583934,-0.82637190,XLF,0.03211990,0.11789714,0.10804596,-0.27021510,-0.62474645,-0.81052530,0.82471873,38261429.28946419,2.76035399,0.34782607,2026-08-06,-0.34782607,0.27880119,0.20636525,0.35833328,,0.38043480,-0.79160635,0.20000000,spy_relative;sector_relative;volatility;single_day_move;gap,5,threshold,19.02500000,2026-08-11,5,6,6,25.00000000,-6.00000000,True,True
32,SMCI,"Super Micro Computer, Inc.",Technology,,NMS,24199520256.00000000,2026-08-18,37.40999985,-0.02272725,0.18386074,0.56986991,0.21264180,0.24244434,0.03899003,0.12389257,0.53569618,0.17365176,0.11855177,XLK,0.05639968,0.06457900,0.33080012,0.51347023,0.14806280,-0.08835578,1.85235987,2101078605.58358812,1.10205431,0.19843135,2026-07-22,0.19843135,0.17191775,0.40408357,-0.15903137,-0.00785340,0.13294115,-0.36247444,0.82221133,spy_relative;sector_relative;volume;single_day_move;gap,5,threshold,18.87760000,2026-07-10,5,5,5,30.00000000,-2.00000000,True,True
33,BLZE,"Backblaze, Inc.",Technology,,NGM,1188480000.00000000,2026-08-18,19.20000076,-0.00979879,0.02618929,0.45896664,1.59109327,3.76426793,0.03899003,0.12389257,0.42479291,1.55210324,3.64037536,XLK,0.05639968,0.06457900,0.33080012,0.40256696,1.52651427,3.43346781,0.74421409,51834104.74248123,1.04974608,0.26940351,2026-08-04,0.26940351,0.21148584,0.30643684,-0.05457311,-0.02981304,0.29313660,-0.06020556,4.80060456,spy_relative;sector_relative;single_day_move;gap,4,threshold,18.37830000,2026-08-04,5,9,7,34.00000000,1.00000000,True,True
34,SEZL,Sezzle Inc.,Financial Services,,NCM,3946038272.00000000,2026-08-18,117.18000031,-0.04092323,-0.08645828,-0.31776896,0.14388908,0.84826494,0.03899003,0.12389257,-0.35194269,0.10489905,0.72437238,XLF,0.03211990,0.11789714,0.10804596,-0.34988886,0.02599194,0.74021898,0.84910470,118217045.82437821,1.43338103,0.33893465,2026-08-07,-0.33893465,0.33160536,0.34937787,0.09269624,,0.25861199,-0.37852029,1.29899936,spy_relative;sector_relative;single_day_move;gap,4,threshold_and_sector_coverage,17.30930000,2026-07-10,5,8,8,42.00000000,8.00000000,True,True
35,TDOC,"Teladoc Health, Inc.",Healthcare,,NYQ,1175495552.00000000,2026-08-18,6.46999979,-0.01070339,-0.04992660,-0.32953367,0.01889762,0.41885962,0.03899003,0.12389257,-0.36370741,-0.02009241,0.29496705,XLV,0.06580845,0.16476801,0.07854102,-0.39534212,-0.14587039,0.34031860,0.63292865,44275364.59652665,1.97598131,0.28322443,2026-07-30,-0.28322443,0.34029538,0.45234448,0.01519755,0.05775078,0.16557739,-0.33436218,0.44742731,spy_relative;sector_relative;volatility;single_day_move;gap,5,threshold,17.21690000,2026-07-10,5,10,11,46.00000000,11.00000000,True,True
36,NBIS,Nebius Group N.V.,Communication Services,,NMS,67536994304.00000000,2026-08-18,248.42999268,-0.07595318,0.28566992,0.36036578,0.24302007,1.54747745,0.03899003,0.12389257,0.32619205,0.20403004,1.42358489,XLC,-0.00288808,-0.05556505,-0.03426572,0.36325387,0.29858513,1.58174317,1.42298389,5715909955.14989662,1.74369125,0.34140671,2026-08-12,0.34140671,0.18578292,0.17384653,,,0.16959067,-0.13345429,2.87808308,spy_relative;sector_relative;volatility;single_day_move;gap,5,threshold_and_sector_coverage,17.08050000,2026-07-16,5,8,5,22.00000000,-14.00000000,True,True
37,PLPC,Preformed Line Products Company,Industrials,,NMS,2174298624.00000000,2026-08-18,444.76000977,-0.06372227,-0.07490064,0.35238853,0.25613579,0.63815842,0.03899003,0.12389257,0.31821480,0.21714576,0.51426585,XLI,0.03059742,0.07508057,0.04849215,0.32179111,0.18105522,0.58966627,1.06212204,44604890.26893310,2.33148377,0.29963662,2026-07-30,0.29963662,0.27789215,0.29434344,0.26694897,0.26100531,0.22422481,-0.07490064,1.47116358,spy_relative;sector_relative;volatility;single_day_move;gap,5,threshold,17.03810000,2026-07-31,5,10,11,27.00000000,-10.00000000,True,True
38,HURN,Huron Consulting Group Inc.,Industrials,,NMS,2408307456.00000000,2026-08-18,151.36999512,0.02049480,-0.00903440,0.34395808,0.39988901,0.16250662,0.03899003,0.12389257,0.30978435,0.36089898,0.03861406,XLI,0.03059742,0.07508057,0.04849215,0.31336066,0.32480844,0.11401447,0.46359884,54926285.69880066,2.72472214,0.40372408,2026-07-29,0.40372408,0.47307783,0.37386570,-0.12144159,-0.11774372,0.10480344,-0.18434102,0.67890405,spy_relative;sector_relative;volatility;single_day_move;gap,5,threshold,16.87050000,2026-07-31,5,10,11,52.00000000,14.00000000,True,True
39,BHC,Bausch Health Companies Inc.,Healthcare,,NYQ,2591754496.00000000,2026-08-18,6.92999983,0.05319148,0.11057694,0.48076925,0.29775274,0.15692823,0.03899003,0.12389257,0.44659552,0.25876271,0.03303566,XLV,0.06580845,0.16476801,0.07854102,0.41496080,0.13298473,0.07838720,0.50719686,34300676.37348547,2.93916434,0.28846163,2026-07-30,0.28846163,0.30513007,0.43468413,-0.01990056,0.05140961,0.06196581,-0.12278484,0.56433411,spy_relative;sector_relative;volatility;single_day_move,4,threshold,16.84980000,2026-08-04,5,10,10,67.00000000,28.00000000,True,True
40,ATKR,Atkore Inc.,Industrials,,NYQ,3155707392.00000000,2026-08-18,93.44000244,-0.00288119,-0.00458081,0.26561019,0.23843613,0.38841008,0.03899003,0.12389257,0.23143646,0.19944610,0.26451751,XLI,0.03059742,0.07508057,0.04849215,0.23501277,0.16335556,0.33991793,0.66973454,129729180.76785584,2.88681053,0.31760568,2026-08-03,0.31760568,0.60544641,0.48604313,0.00213786,0.00171027,0.31549298,-0.00458081,0.68969265,spy_relative;sector_relative;volatility;single_day_move;gap,5,threshold,16.79940000,2026-08-04,5,10,10,51.00000000,11.00000000,True,True
41,BETA,"Beta Technologies, Inc.",Industrials,,NYQ,6487762432.00000000,2026-08-18,26.76000023,0.04531249,0.08824726,0.50675675,0.73653475,0.53352430,0.03899003,0.12389257,0.47258302,0.69754472,0.40963173,XLI,0.03059742,0.07508057,0.04849215,0.47615933,0.66145418,0.48503215,1.84990643,40983308.84146957,1.06010803,0.13202689,2026-08-04,0.13202689,0.13912866,0.44127321,0.12027332,0.21913436,0.12159413,-0.27282607,0.96909492,spy_relative;sector_relative;volume;single_day_move;gap,5,threshold_and_sector_coverage,16.51020000,2026-08-07,5,7,6,62.00000000,21.00000000,True,True
42,RNG,"Ringcentral, Inc.",Technology,,NYQ,5443766784.00000000,2026-08-18,65.19000244,0.01748092,0.02742319,0.56068953,0.65667103,1.29542265,0.03899003,0.12389257,0.52651580,0.61768100,1.17153008,XLK,0.05639968,0.06457900,0.33080012,0.50428985,0.59209203,0.96462253,0.51367757,142581304.05436173,1.34322217,0.25090634,2026-07-24,0.25090634,0.26802160,0.49420564,0.15131437,0.30428476,0.06455574,-0.03821181,1.62651101,spy_relative;sector_relative;single_day_move,3,threshold,16.46940000,2026-07-24,5,10,14,54.00000000,12.00000000,True,True
43,YSS,York Space Systems Inc.,Industrials,,NYQ,1431266176.00000000,2026-08-18,10.42000008,-0.02251405,-0.01698116,-0.40183697,-0.59814886,-0.62785714,0.03899003,0.12389257,-0.43601070,-0.63713890,-0.75174971,XLI,0.03059742,0.07508057,0.04849215,-0.43243439,-0.67322943,-0.67634929,2.32062273,38927045.42407904,0.91601500,0.17186307,2026-08-06,-0.17186307,0.14421789,0.41758420,0.05693295,,0.12597739,-0.76018412,0.00000000,spy_relative;sector_relative;volume;single_day_move;gap,5,threshold_and_sector_coverage,16.39970000,2026-07-10,5,10,12,43.00000000,0.00000000,True,True
44,TNDM,"Tandem Diabetes Care, Inc.",Healthcare,,NGM,1651102592.00000000,2026-08-18,23.72999954,0.06627726,0.01237197,0.55301047,0.68178598,0.20701931,0.03899003,0.12389257,0.51883674,0.64279594,0.08312675,XLV,0.06580845,0.16476801,0.07854102,0.48720202,0.51701797,0.12847829,0.77588484,46325181.51032925,0.97384231,0.19105897,2026-08-07,0.19105897,0.22498635,0.53301299,0.01519214,,0.07450779,-0.16029726,1.22191001,spy_relative;sector_relative;single_day_move;gap,4,threshold,16.36930000,2026-08-07,5,8,8,108.00000000,64.00000000,True,True
45,RDW,Redwire Corporation,Industrials,,NYQ,3234904320.00000000,2026-08-18,12.93999958,-0.03504849,-0.04219102,0.50465105,-0.07306594,0.61749995,0.03899003,0.12389257,0.47047732,-0.11205597,0.49360738,XLI,0.03059742,0.07508057,0.04849215,0.47405363,-0.14814651,0.56900780,0.84109995,198669098.14569846,0.83431610,0.14877432,2026-08-07,0.14877432,0.13207679,0.37143617,-0.00073585,,0.14179099,-0.50038611,1.55731220,spy_relative;sector_relative;single_day_move;gap,4,threshold,15.95760000,2026-07-10,5,8,8,36.00000000,-9.00000000,True,True
46,VCYT,"Veracyte, Inc.",Healthcare,,NGM,3270294784.00000000,2026-08-18,40.68000031,-0.03327000,-0.12346476,-0.31202436,0.05717258,0.13726586,0.03899003,0.12389257,-0.34619809,0.01818255,0.01337329,XLV,0.06580845,0.16476801,0.07854102,-0.37783281,-0.10759543,0.05872483,0.99627420,64446578.10315323,1.52188383,0.22515891,2026-07-31,-0.22515891,0.31015020,0.49439531,0.01943008,-0.10945595,0.18417529,-0.32749216,0.42188044,spy_relative;sector_relative;volatility;single_day_move;gap,5,threshold,15.91260000,2026-07-31,5,10,11,58.00000000,12.00000000,True,True
47,ALHC,"Alignment Healthcare, Inc.",Healthcare,,NMS,2744366848.00000000,2026-08-18,13.22999954,-0.01708770,0.00227271,-0.37298582,-0.18734650,-0.35745510,0.03899003,0.12389257,-0.40715955,-0.22633653,-0.48134767,XLV,0.06580845,0.16476801,0.07854102,-0.43879427,-0.35211451,-0.43599613,0.80810702,89450081.39072227,1.17194110,0.20204192,2026-07-31,-0.20204192,0.25312855,0.56499181,-0.03232326,-0.05993268,0.16711448,-0.46131923,0.00227271,spy_relative;sector_relative;single_day_move;gap,4,threshold_and_sector_coverage,15.84810000,2026-07-31,5,10,11,60.00000000,13.00000000,True,True
48,QNST,"QuinStreet, Inc.",Communication Services,,NMS,1192565888.00000000,2026-08-18,20.76000023,0.02874132,-0.00669854,0.18290605,0.79740259,0.93296096,0.03899003,0.12389257,0.14873232,0.75841256,0.80906839,XLC,-0.00288808,-0.05556505,-0.03426572,0.18579413,0.85296764,0.96722667,0.81582003,20067162.87167234,2.93102453,0.38501968,2026-08-07,0.38501968,0.43642900,0.20185978,-0.02751423,,0.29369252,-0.05722072,0.96590903,spy_relative;sector_relative;volatility;single_day_move;gap,5,threshold,15.83150000,2026-08-18,1,1,1,,,True,False
49,TRIP,"TripAdvisor, Inc.",Consumer Cyclical,,NMS,1190374656.00000000,2026-08-18,10.22999954,0.00589965,-0.06575345,-0.29931512,0.06230524,-0.15871713,0.03899003,0.12389257,-0.33348885,0.02331520,-0.28260970,XLY,-0.00835176,-0.01946573,0.00198057,-0.29096336,0.08177096,-0.16069770,0.78740658,44899064.49284382,1.84021971,0.25518226,2026-08-06,-0.25518226,0.33632794,0.44458447,0.05278313,,0.21801288,-0.46551725,0.10714284,spy_relative;sector_relative;volatility;single_day_move;gap,5,threshold_and_sector_coverage,15.79240000,2026-08-06,5,9,9,49.00000000,0.00000000,True,True
50,PSN,Parsons Corporation,Technology,,NYQ,4961110528.00000000,2026-08-18,46.45000076,0.01507873,-0.03730568,-0.16276133,-0.09770782,-0.24360852,0.03899003,0.12389257,-0.19693507,-0.13669786,-0.36750109,XLK,0.05639968,0.06457900,0.33080012,-0.21916102,-0.16228683,-0.57440864,0.42912414,94254371.95459118,2.93097410,0.34999193,2026-07-29,-0.34999193,0.41145767,0.19219913,0.18501982,0.19742061,0.24246328,-0.47978497,0.15203376,spy_relative;sector_relative;volatility;single_day_move;gap,5,threshold,15.61880000,2026-07-31,5,10,11,40.00000000,-10.00000000,True,True
51,ZBRA,Zebra Technologies Corporation,Technology,,NMS,17335572480.00000000,2026-08-18,366.42001343,-0.01303668,-0.04343963,0.38433643,0.40898261,0.40520018,0.03899003,0.12389257,0.35016270,0.36999258,0.28130762,XLK,0.05639968,0.06457900,0.33080012,0.32793675,0.34440361,0.07440006,0.77565967,293567174.18666840,2.12384981,0.26467552,2026-08-04,0.26467552,0.46712702,0.60956155,0.03858149,-0.00653410,0.13187488,-0.04343963,0.83853491,spy_relative;sector_relative;volatility;single_day_move;gap,5,threshold,15.55710000,2026-08-04,5,10,10,57.00000000,6.00000000,True,True
52,TTD,"The Trade Desk, Inc.",Communication Services,,NGM,6305792000.00000000,2026-08-18,13.42000008,0.00149257,-0.01032451,-0.28004289,-0.39739561,-0.46872526,0.03899003,0.12389257,-0.31421662,-0.43638564,-0.59261783,XLC,-0.00288808,-0.05556505,-0.03426572,-0.27715481,-0.34183056,-0.43445954,0.82002526,487082744.73234653,1.67597788,0.21901527,2026-08-07,-0.21901527,0.24982801,0.36290627,0.02463769,,0.27164687,-0.75758671,0.00224046,spy_relative;sector_relative;volatility;single_day_move;gap,5,threshold_and_sector_coverage,15.51890000,2026-08-07,5,8,8,53.00000000,1.00000000,True,True
53,BAND,Bandwidth Inc.,Technology,,NMS,1703650816.00000000,2026-08-18,52.93999863,0.00284140,0.02557148,-0.25405104,0.03783573,3.05049731,0.03899003,0.12389257,-0.28822477,-0.00115431,2.92660474,XLK,0.05639968,0.06457900,0.33080012,-0.31045072,-0.02674327,2.71969719,0.57112722,61302883.84854736,1.32897281,0.29282295,2026-07-29,-0.29282295,0.23726809,0.22770773,0.20947220,0.46305819,0.26679423,-0.32508928,3.12948517,spy_relative;sector_relative;single_day_move;gap,4,threshold,15.47800000,2026-07-13,5,10,11,55.00000000,2.00000000,True,True
54,PAY,"Paymentus Holdings, Inc.",Technology,,NYQ,4826007040.00000000,2026-08-18,38.31999969,-0.05755042,-0.05639007,0.32137930,0.55393349,0.56216872,0.03899003,0.12389257,0.28720557,0.51494346,0.43827615,XLK,0.05639968,0.06457900,0.33080012,0.26497962,0.48935449,0.23136860,0.73314125,46530761.57600403,2.63268978,0.29200457,2026-08-04,0.29200457,0.28924961,0.28666348,-0.08946184,-0.14080715,0.17265351,-0.14080715,0.89609111,spy_relative;sector_relative;volatility;single_day_move;gap,5,threshold,15.29540000,2026-07-10,5,10,23,50.00000000,-4.00000000,True,True
55,AUGO,Aura Minerals Inc.,Basic Materials,,NMS,6391720448.00000000,2026-08-18,76.23999786,-0.02928448,0.00236656,0.52266823,0.00793229,0.13519943,0.03899003,0.12389257,0.48849450,-0.03105774,0.01130686,XLB,0.03497901,0.03106327,-0.01745734,0.48768922,-0.02313098,0.15265677,0.74787334,51437601.03563423,0.85285844,0.13791315,2026-08-05,0.13791315,0.18339537,0.57594127,0.17898413,,0.07483995,-0.30144770,1.79882520,spy_relative;sector_relative;single_day_move;gap,4,threshold_and_sector_coverage,15.24160000,2026-08-12,4,4,3,48.00000000,-7.00000000,True,True
56,ALNY,"Alnylam Pharmaceuticals, Inc.",Healthcare,,NMS,30590103552.00000000,2026-08-18,228.61000061,0.01785394,0.03349911,-0.19261873,-0.22095760,-0.25891470,0.03899003,0.12389257,-0.22679247,-0.25994764,-0.38280727,XLV,0.06580845,0.16476801,0.07854102,-0.25842718,-0.38572561,-0.33745573,0.67159823,520609440.37657547,3.06783643,0.28309260,2026-07-30,-0.28309260,0.38222714,0.27130686,0.05178119,0.10531439,0.21491868,-0.53460771,0.11256573,spy_relative;sector_relative;volatility;single_day_move;gap,5,threshold,15.22490000,2026-07-31,5,10,11,71.00000000,15.00000000,True,True
57,U,Unity Software Inc.,Technology,,NYQ,20569757696.00000000,2026-08-18,46.74000168,0.02838286,0.06542062,0.56793031,0.74402996,1.54575164,0.03899003,0.12389257,0.53375658,0.70503993,1.42185907,XLK,0.05639968,0.06457900,0.33080012,0.51153063,0.67945096,1.21495152,0.97155512,482847406.51026404,0.81359124,0.15054976,2026-08-06,0.15054976,0.21878892,0.67087471,0.12202890,,0.04239156,-0.05518495,1.72854664,spy_relative;sector_relative;single_day_move,3,threshold,15.21680000,2026-08-06,5,9,9,61.00000000,4.00000000,True,True
58,AVAH,Aveanna Healthcare Holdings Inc,Healthcare,,NMS,2758958336.00000000,2026-08-18,12.67000008,-0.00157601,0.41564250,0.30753360,0.64545460,0.65837700,0.03899003,0.12389257,0.27335987,0.60646456,0.53448443,XLV,0.06580845,0.16476801,0.07854102,0.24172515,0.48068659,0.57983598,3.28420234,30430389.85725861,2.38078698,0.24751378,2026-08-13,0.24751378,0.34145583,0.38526853,,,0.11491712,-0.00157601,1.03697757,spy_relative;sector_relative;volume;volatility;single_day_move;gap,6,threshold,15.02790000,2026-07-10,4,4,4,65.00000000,7.00000000,True,True
59,THC,Tenet Healthcare Corporation,Healthcare,,NYQ,21757038592.00000000,2026-08-18,270.20999146,0.02135619,0.04147226,0.40485597,0.37960784,0.19377064,0.03899003,0.12389257,0.37068223,0.34061780,0.06987807,XLV,0.06580845,0.16476801,0.07854102,0.33904752,0.21483983,0.11522961,0.43137416,295745707.82242429,1.57498387,0.17174149,2026-07-24,0.17174149,0.29053099,0.59369702,0.07199832,0.11462262,0.18083604,0.00000000,0.67447481,spy_relative;sector_relative;volatility;single_day_move;gap,5,threshold,14.95840000,2026-07-24,5,10,14,73.00000000,14.00000000,True,True
60,LASR,"nLIGHT, Inc.",Technology,,NMS,2884509696.00000000,2026-08-18,50.00000000,-0.07407407,0.01605367,-0.26804272,-0.29408445,-0.01748869,0.03899003,0.12389257,-0.30221645,-0.33307448,-0.14138126,XLK,0.05639968,0.06457900,0.33080012,-0.32444240,-0.35866345,-0.34828881,0.90718157,82365169.14176941,1.29337355,0.25563366,2026-08-07,-0.25563366,0.19437441,0.23110645,-0.06330693,,0.22759811,-0.41141846,0.92604013,spy_relative;sector_relative;single_day_move;gap,4,threshold,14.73650000,2026-07-13,5,9,9,74.00000000,14.00000000,True,True
61,CHYM,"Chime Financial, Inc.",Technology,,NMS,12080651264.00000000,2026-08-18,31.90999985,0.01462636,0.00567287,0.45508433,0.81823369,0.62391860,0.03899003,0.12389257,0.42091060,0.77924366,0.50002603,XLK,0.05639968,0.06457900,0.33080012,0.39868465,0.75365469,0.29311848,0.93271875,254178633.98496532,1.33580651,0.20563271,2026-08-06,0.20563271,0.27567022,0.51783620,0.02976001,,0.09182096,-0.00839032,0.94099749,spy_relative;sector_relative;single_day_move;gap,4,threshold,14.49430000,2026-07-15,5,9,9,89.00000000,28.00000000,True,True
62,RBLX,Roblox Corporation,Communication Services,,NYQ,26910539776.00000000,2026-08-18,37.66999817,-0.00685479,0.04003305,-0.29258219,-0.19816946,-0.40206352,0.03899003,0.12389257,-0.32675593,-0.23715950,-0.52595609,XLC,-0.00288808,-0.05556505,-0.03426572,-0.28969411,-0.14260441,-0.36779780,0.66329340,606835647.39711833,1.46799416,0.26854325,2026-07-31,-0.26854325,0.36991540,0.44969513,0.06151693,0.07387644,0.20115055,-0.73389376,0.05993239,spy_relative;sector_relative;single_day_move;gap,4,threshold_and_sector_coverage,14.41550000,2026-07-10,5,10,11,78.00000000,16.00000000,True,True
63,INSM,Insmed Incorporated,Healthcare,,NMS,28053288960.00000000,2026-08-18,128.46000671,0.00109102,-0.03100249,0.20033649,0.19888012,-0.14655858,0.03899003,0.12389257,0.16616275,0.15989009,-0.27045114,XLV,0.06580845,0.16476801,0.07854102,0.13452804,0.03411211,-0.22509960,0.55872325,367176172.12224197,2.12769839,0.33861854,2026-08-06,0.33861854,0.53595057,0.31156423,-0.04692570,,0.29488998,-0.39236552,0.39812811,spy_relative;sector_relative;volatility;single_day_move;gap,5,threshold,14.22720000,2026-08-06,5,9,9,70.00000000,7.00000000,True,True
64,EROC,"ERock, Inc.",Industrials,,NYQ,4159635200.00000000,2026-08-18,15.22000027,-0.12528732,0.35288891,0.29202043,,,0.03899003,0.12389257,0.25784669,,,XLI,0.03059742,0.07508057,0.04849215,0.26142301,,,3.75945441,37121060.48400231,,0.22844442,2026-08-12,0.22844442,0.14776787,0.16855170,,,0.16622221,-0.18826665,0.69299229,spy_relative;sector_relative;volume;single_day_move;gap,5,threshold,14.21760000,2026-07-23,4,4,4,20.00000000,-44.00000000,True,True
65,BRUN,Boost Run Inc.,Technology,,NGM,1236559104.00000000,2026-08-18,20.12999916,-0.11047283,0.08167644,-0.17567571,-0.31993247,0.81678694,0.03899003,0.12389257,-0.20984944,-0.35892250,0.69289437,XLK,0.05639968,0.06457900,0.33080012,-0.23207539,-0.38451147,0.48598682,2.10278049,47351936.71821871,1.73260315,0.26918158,2026-07-30,0.26918158,0.15444745,0.11134448,-0.08312340,0.15516372,0.16385817,-0.48647962,0.96198818,spy_relative;sector_relative;volume;volatility;single_day_move;gap,6,threshold,14.03360000,2026-07-13,4,9,3,116.00000000,51.00000000,True,True
66,CORT,Corcept Therapeutics Incorporat,Healthcare,,NCM,12766420992.00000000,2026-08-18,118.09999847,0.00793719,0.05578400,0.28972370,1.14259798,1.98006549,0.03899003,0.12389257,0.25554996,1.10360795,1.85617292,XLV,0.06580845,0.16476801,0.07854102,0.22391525,0.97782997,1.90152446,0.51057707,130837638.91540185,1.78139146,0.27294248,2026-07-30,0.27294248,0.33883343,0.32922304,-0.08764370,-0.06600742,0.20494894,-0.00185937,2.67340569,spy_relative;sector_relative;volatility;single_day_move;gap,5,threshold,14.00790000,2026-07-31,5,10,11,64.00000000,-2.00000000,True,True
67,AEVA,"Aeva Technologies, Inc.",Technology,,NMS,1465912192.00000000,2026-08-18,21.03000069,-0.11452629,-0.12593511,0.25852794,0.02710624,0.54860094,0.03899003,0.12389257,0.22435421,-0.01188379,0.42470838,XLK,0.05639968,0.06457900,0.33080012,0.20212826,-0.03747276,0.21780082,0.84391809,40954292.35078077,1.46669803,0.28811828,2026-08-06,0.28811828,0.16818742,0.13709932,-0.11243073,,0.31565520,-0.28200751,1.28835709,spy_relative;sector_relative;single_day_move;gap,4,threshold,13.95640000,2026-07-13,5,9,9,39.00000000,-28.00000000,True,True
68,CIFR,Cipher Digital Inc.,Technology,,NMS,6679919104.00000000,2026-08-18,16.09499931,-0.13000004,-0.06478790,-0.21640708,-0.15821137,0.02909201,0.03899003,0.12389257,-0.25058081,-0.19720140,-0.09480056,XLK,0.05639968,0.06457900,0.33080012,-0.27280676,-0.22279037,-0.30170812,1.14252670,676495722.28390789,1.50818479,0.28066704,2026-07-30,0.28066704,0.16047442,0.13941749,-0.19620399,-0.26638710,0.16183774,-0.44842361,1.79427060,spy_relative;sector_relative;volatility;single_day_move;gap,5,threshold,13.86930000,2026-07-16,3,8,1,,,True,False
69,WIX,Wix.com Ltd.,Technology,,NMS,3229108480.00000000,2026-08-18,77.16000366,0.04666308,0.15664825,0.44955860,0.39479400,0.07018038,0.03899003,0.12389257,0.41538487,0.35580397,-0.05371219,XLK,0.05639968,0.06457900,0.33080012,0.39315892,0.33021500,-0.26061974,1.66497384,119993720.87325898,1.44688173,0.17487682,2026-08-04,0.17487682,0.14953738,0.32472948,-0.00104821,0.15543584,0.07796102,-0.58119843,0.90848388,spy_relative;sector_relative;single_day_move;gap,4,threshold,13.71880000,2026-07-27,5,8,6,110.00000000,41.00000000,True,True
70,KLAR,Klarna Group plc,Financial Services,,NYQ,5694389248.00000000,2026-08-18,15.06000042,-0.22808815,-0.20861798,-0.19722813,-0.03151124,-0.21644116,0.03899003,0.12389257,-0.23140186,-0.07050127,-0.34033372,XLF,0.03211990,0.11789714,0.10804596,-0.22934803,-0.14940838,-0.32448712,3.31762472,89184926.19670582,1.25139004,0.22808815,2026-08-18,-0.22808815,0.30171486,0.28008157,,,0.19733472,-0.66886542,0.22738385,spy_relative;sector_relative;volume;single_day_move;gap,5,threshold,13.68000000,2026-08-18,1,1,1,,,True,False
71,LMND,"Lemonade, Inc.",Financial Services,,NYQ,3879118336.00000000,2026-08-18,50.11999893,0.00340337,-0.05201438,-0.25693104,-0.08002938,-0.22402846,0.03899003,0.12389257,-0.29110477,-0.11901941,-0.34792103,XLF,0.03211990,0.11789714,0.10804596,-0.28905094,-0.19792653,-0.33207442,0.65650998,81956663.02976838,1.37022854,0.23715987,2026-07-29,-0.23715987,0.31838819,0.38138540,0.09877586,0.08991132,0.20769605,-0.48099825,0.05783026,spy_relative;sector_relative;single_day_move;gap,4,threshold,13.60700000,2026-07-31,5,10,11,80.00000000,9.00000000,True,True
72,PLTR,Palantir Technologies Inc.,Technology,,NMS,412220620800.00000000,2026-08-18,171.53999329,-0.00585343,-0.01943529,0.27207998,0.26935026,0.28958042,0.03899003,0.12389257,0.23790625,0.23036023,0.16568785,XLK,0.05639968,0.06457900,0.33080012,0.21568030,0.20477126,-0.04121970,0.63794992,7155972670.68209839,2.12974867,0.29454836,2026-08-04,0.29454836,0.35474791,0.30448008,0.07549489,0.05459234,0.15515322,-0.17202433,0.59914234,spy_relative;sector_relative;volatility;single_day_move;gap,5,threshold,13.51400000,2026-08-04,5,10,10,75.00000000,3.00000000,True,True
73,KEEL,Keel Infrastructure Corp.,Technology,,NGM,1951531264.00000000,2026-08-18,3.16000009,-0.16180369,-0.03951364,-0.27188941,-0.24401909,0.50476201,0.03899003,0.12389257,-0.30606314,-0.28300912,0.38086945,XLK,0.05639968,0.06457900,0.33080012,-0.32828909,-0.30859809,0.17396189,1.53317886,136147076.87229353,1.49592038,0.27358494,2026-07-30,0.27358494,0.17660348,0.20377023,-0.05679018,-0.18271610,0.11635216,-0.52552550,1.56910572,spy_relative;sector_relative;single_day_move;gap,4,threshold,13.49990000,2026-07-13,3,8,1,,,True,False
74,IESC,"IES Holdings, Inc.",Industrials,,NGM,14719915008.00000000,2026-08-18,738.78997803,-0.06948718,-0.05283336,0.18034543,0.09001438,0.43632864,0.03899003,0.12389257,0.14617170,0.05102435,0.31243607,XLI,0.03059742,0.07508057,0.04849215,0.14974801,0.01493381,0.38783649,0.87220507,131449037.09666443,1.83521709,0.26848518,2026-08-03,0.26848518,0.23456438,0.14900131,0.03600055,0.09513239,0.32907587,-0.06948718,1.29730398,spy_relative;sector_relative;volatility;single_day_move;gap,5,threshold,13.45910000,2026-08-04,5,10,10,63.00000000,-11.00000000,True,True
75,LIF,"Life360, Inc.",Technology,,NMS,3808392448.00000000,2026-08-18,46.74000168,-0.06855318,-0.03846943,-0.13332095,0.18419053,-0.05671035,0.03899003,0.12389257,-0.16749468,0.14520050,-0.18060291,XLK,0.05639968,0.06457900,0.33080012,-0.18972063,0.11961153,-0.38751047,1.81034402,53560072.86818123,1.74848301,0.24763968,2026-08-11,-0.24763968,0.23290600,0.13135015,-0.03846943,,0.22612599,-0.57850120,0.22677175,spy_relative;sector_relative;volume;volatility;single_day_move;gap,6,threshold,13.40470000,2026-08-11,5,6,6,88.00000000,13.00000000,True,True
76,CACI,"CACI International, Inc.",Technology,,NYQ,14498624512.00000000,2026-08-18,656.05999756,0.01034892,-0.01724165,0.39045846,0.30204220,0.14529612,0.03899003,0.12389257,0.35628473,0.26305217,0.02140356,XLK,0.05639968,0.06457900,0.33080012,0.33405878,0.23746320,-0.18550400,0.87791055,179996862.86106262,2.39254769,0.21380990,2026-08-06,0.21380990,0.30852354,0.49287945,0.06553861,,0.06661766,-0.03531940,0.48007937,spy_relative;sector_relative;volatility;single_day_move,4,threshold,13.27880000,2026-08-06,5,9,9,83.00000000,7.00000000,True,True
77,CRSR,"Corsair Gaming, Inc.",Technology,,NMS,1290551168.00000000,2026-08-18,11.93000031,-0.02532675,-0.07014806,0.26243392,0.73401164,1.14761488,0.03899003,0.12389257,0.22826019,0.69502161,1.02372232,XLK,0.05639968,0.06457900,0.33080012,0.20603424,0.66943264,0.81681476,0.83238965,28131330.57891541,1.37244938,0.35249772,2026-08-07,0.35249772,0.31364986,0.21693784,-0.09477356,,0.19528752,-0.16864112,1.60480360,spy_relative;sector_relative;single_day_move;gap,4,threshold,13.25420000,2026-08-07,5,8,8,93.00000000,16.00000000,True,True
78,LMAT,"LeMaitre Vascular, Inc.",Healthcare,,NGM,1864301696.00000000,2026-08-18,81.51999664,-0.01199861,-0.01593433,-0.18308452,-0.16960377,-0.07131468,0.03899003,0.12389257,-0.21725825,-0.20859380,-0.19520724,XLV,0.06580845,0.16476801,0.07854102,-0.24889297,-0.33437178,-0.14985570,0.92526599,38798525.69495583,2.02967060,0.25316694,2026-08-05,-0.25316694,0.44058795,0.33034432,0.03962022,,0.16666664,-0.30556268,0.03189869,spy_relative;sector_relative;volatility;single_day_move;gap,5,threshold,13.17760000,2026-08-06,5,9,9,86.00000000,8.00000000,True,True
79,HAE,Haemonetics Corporation,Healthcare,,NYQ,4761266688.00000000,2026-08-18,104.65000153,0.15929994,0.19983949,0.36476266,0.83564295,0.82000003,0.03899003,0.12389257,0.33058893,0.79665292,0.69610746,XLV,0.06580845,0.16476801,0.07854102,0.29895421,0.67087494,0.74145900,1.30133098,73851781.46960068,1.57648622,0.15929994,2026-08-18,0.15929994,0.31127130,0.62547857,,,0.13548248,0.00000000,1.19530114,spy_relative;sector_relative;volatility;single_day_move;gap,5,threshold,13.13150000,2026-08-18,1,1,1,,,True,False
80,AVEX,AEVEX Corp.,Industrials,,NYQ,1124324352.00000000,2026-08-18,19.90999985,-0.01533133,-0.10112866,0.49474477,-0.30335900,,0.03899003,0.12389257,0.46057104,-0.34234903,,XLI,0.03059742,0.07508057,0.04849215,0.46414735,-0.37843957,,1.01754366,26830271.74371529,0.56438428,0.10793873,2026-07-30,0.10793873,0.10658599,0.40336349,0.35072281,0.31301066,0.06366682,-0.50815217,0.49474477,spy_relative;sector_relative;single_day_move,3,threshold,13.10100000,2026-08-07,2,4,1,,,True,False
81,XNCR,"Xencor, Inc.",Healthcare,,NGM,1889319936.00000000,2026-08-18,25.40999985,0.09904840,0.14977373,0.45449347,1.26470581,1.19240721,0.03899003,0.12389257,0.42031973,1.22571578,1.06851464,XLV,0.06580845,0.16476801,0.07854102,0.38868502,1.09993781,1.11386618,1.06754222,23348254.11733475,1.06733016,0.10035837,2026-07-30,0.10035837,0.12802285,0.48745707,-0.06933456,0.06979991,0.10685478,0.00000000,2.41532253,spy_relative;sector_relative;single_day_move;gap,4,threshold,13.07270000,2026-08-04,5,9,8,44.00000000,-37.00000000,True,True
82,FRVO,Fervo Energy Company,Utilities,,NMS,5294939136.00000000,2026-08-18,17.96999931,-0.00718238,-0.25651637,-0.29501767,-0.53445596,,0.03899003,0.12389257,-0.32919141,-0.57344599,,XLU,-0.02047170,0.00182071,-0.05088401,-0.27454597,-0.53627666,,2.06330559,71339268.89914799,,0.30562057,2026-07-30,0.30562057,0.20631107,0.23470139,0.03139017,-0.08878922,0.06743894,-0.57717649,0.05210769,spy_relative;sector_relative;volume;single_day_move,4,threshold_and_sector_coverage,13.05900000,2026-07-10,2,3,2,100.00000000,18.00000000,True,False
83,RTO,Rentokil Initial plc,Industrials,,NYQ,11871620096.00000000,2026-08-18,23.59000015,0.00169855,-0.03949509,-0.22426832,-0.26670807,-0.22068055,0.03899003,0.12389257,-0.25844206,-0.30569810,-0.34457312,XLI,0.03059742,0.07508057,0.04849215,-0.25486574,-0.34178864,-0.26917270,0.81789822,42310693.19022579,2.15238161,0.17601088,2026-07-30,-0.17601088,0.39902304,0.55399936,-0.00164952,-0.01690721,0.17770980,-0.31662805,0.00169855,spy_relative;sector_relative;volatility;single_day_move;gap,5,threshold,12.90440000,2026-07-31,5,10,11,84.00000000,1.00000000,True,True
84,ACI,"Albertsons Companies, Inc.",Consumer Defensive,,NYQ,5925826560.00000000,2026-08-18,12.21000004,0.00081969,-0.00326530,-0.18708391,-0.26044822,-0.31901841,0.03899003,0.12389257,-0.22125764,-0.29943825,-0.44291098,XLP,0.00848458,-0.00372526,-0.02970516,-0.19556849,-0.25672296,-0.28931325,0.50561161,127213314.75068268,2.89492259,0.23529415,2026-07-23,-0.23529415,0.38594040,0.32304445,0.01398608,0.05594409,0.16443850,-0.38145896,0.10698099,spy_relative;sector_relative;volatility;single_day_move;gap,5,threshold_and_sector_coverage,12.85070000,2026-07-23,5,10,15,102.00000000,18.00000000,True,True
85,APP,Applovin Corporation,Communication Services,,NMS,103220781056.00000000,2026-08-18,307.26000977,-0.01512918,-0.03583527,-0.27635420,-0.37596977,-0.18364417,0.03899003,0.12389257,-0.31052793,-0.41495980,-0.30753674,XLC,-0.00288808,-0.05556505,-0.03426572,-0.27346612,-0.32040471,-0.14937846,0.92953992,2762367890.42440176,0.98720882,0.19657725,2026-08-06,-0.19657725,0.27053012,0.43033224,-0.06851967,,0.18992336,-0.58116137,0.01152225,spy_relative;sector_relative;single_day_move;gap,4,threshold,12.82140000,2026-08-06,5,9,9,98.00000000,13.00000000,True,True
86,CRWV,"CoreWeave, Inc.",Technology,,NMS,51386662912.00000000,2026-08-18,93.16999817,-0.12103775,0.03155446,0.27525323,-0.10214897,0.02384613,0.03899003,0.12389257,0.24107950,-0.14113900,-0.10004643,XLK,0.05639968,0.06457900,0.33080012,0.21885355,-0.16672797,-0.30695399,1.72804867,2951842317.55748081,1.63555633,0.21506087,2026-07-30,0.21506087,0.14712641,0.17086540,0.15466847,0.43829498,0.20349864,-0.34882585,0.53189738,spy_relative;sector_relative;volatility;single_day_move;gap,5,threshold,12.81900000,2026-07-15,5,5,5,38.00000000,-48.00000000,True,True
87,RUM,RUM Group Inc.,Communication Services,,NGM,4016062976.00000000,2026-08-18,8.10000038,-0.01699022,0.17052027,0.40625001,0.12421936,0.35906046,0.03899003,0.12389257,0.37207628,0.08522933,0.23516789,XLC,-0.00288808,-0.05556505,-0.03426572,0.40913809,0.17978441,0.39332618,2.44846404,22749144.04706679,1.01310695,0.11433173,2026-08-11,0.11433173,0.13395373,0.40770626,0.17052027,,0.04051864,-0.16923073,0.73447543,spy_relative;sector_relative;volume;single_day_move,4,threshold_and_sector_coverage,12.75870000,2026-07-13,2,2,2,76.00000000,-11.00000000,True,False
88,LUNR,"Intuitive Machines, Inc.",Industrials,,NGM,3098333952.00000000,2026-08-18,19.30999947,-0.05250244,0.17172330,0.39624003,-0.42512654,0.16185310,0.03899003,0.12389257,0.36206630,-0.46411658,0.03796053,XLI,0.03059742,0.07508057,0.04849215,0.36564261,-0.50020711,0.11336095,1.75847215,171030349.66256523,0.72573340,0.09845943,2026-08-07,0.09845943,0.09012585,0.30898887,0.15914638,,0.15693219,-0.57746173,1.39875764,spy_relative;sector_relative;single_day_move;gap,4,threshold,12.74480000,2026-07-10,3,3,3,56.00000000,-32.00000000,True,True
89,CAI,"Caris Life Sciences, Inc.",Healthcare,,NMS,5927814144.00000000,2026-08-18,20.96999931,-0.03051317,-0.09377702,0.34768629,0.38874164,0.00817308,0.03899003,0.12389257,0.31351256,0.34975161,-0.11571949,XLV,0.06580845,0.16476801,0.07854102,0.28187784,0.22397363,-0.07036794,0.69618735,91690674.26077394,1.40297597,0.21580541,2026-08-06,0.21580541,0.31115295,0.44902262,0.10900002,,0.15501514,-0.46641222,0.44123705,spy_relative;sector_relative;single_day_move;gap,4,threshold,12.73980000,2026-08-07,5,8,8,103.00000000,14.00000000,True,True
90,UFPT,"UFP Technologies, Inc.",Healthcare,,NCM,2432100608.00000000,2026-08-18,313.98999023,-0.02278176,-0.02460319,0.27674541,0.43224010,0.19188425,0.03899003,0.12389257,0.24257168,0.39325006,0.06799168,XLV,0.06580845,0.16476801,0.07854102,0.21093696,0.26747209,0.11334323,0.55689929,58136599.85003662,2.20598865,0.25159794,2026-08-04,0.25159794,0.35043378,0.35396558,-0.03861544,-0.06226857,0.14005906,-0.06226857,0.69467828,spy_relative;sector_relative;volatility;single_day_move;gap,5,threshold,12.73460000,2026-08-04,5,10,10,66.00000000,-24.00000000,True,True
91,HONA,Honeywell Aerospace Inc.,Industrials,,NMS,50953318400.00000000,2026-08-18,160.75999451,-0.00495174,-0.03115771,-0.20600586,,,0.03899003,0.12389257,-0.24017959,,,XLI,0.03059742,0.07508057,0.04849215,-0.23660328,,,0.86441154,756495346.09767759,,0.23163425,2026-08-06,-0.23163425,0.28477532,0.27300224,0.08525594,,0.23885288,-0.40448236,0.02741735,spy_relative;sector_relative;single_day_move;gap,4,threshold,12.68100000,2026-08-06,5,9,9,79.00000000,-12.00000000,True,True
92,EGO,Eldorado Gold Corporation,Basic Materials,,NYQ,10095968256.00000000,2026-08-18,38.70999908,-0.04016868,-0.00972118,0.38151315,0.12594526,-0.14263571,0.03899003,0.12389257,0.34733942,0.08695522,-0.26652828,XLB,0.03497901,0.03106327,-0.01745734,0.34653414,0.09488198,-0.12517837,0.76200077,88503135.13247032,1.31181781,0.15362424,2026-07-23,0.15362424,0.20889046,0.45116821,0.02344489,0.12316351,0.11467726,-0.22128345,0.75635197,spy_relative;sector_relative;single_day_move;gap,4,threshold,12.50630000,2026-08-14,3,3,3,104.00000000,12.00000000,True,True
93,ONON,On Holding AG,Consumer Cyclical,,NYQ,10370681856.00000000,2026-08-18,31.03000069,-0.00894279,0.00388227,-0.17583003,-0.18556425,-0.33497641,0.03899003,0.12389257,-0.21000376,-0.22455429,-0.45886898,XLY,-0.00835176,-0.01946573,0.00198057,-0.16747827,-0.16609853,-0.33695698,1.82715202,281579321.90982282,1.83625791,0.20293964,2026-08-11,-0.20293964,0.32703341,0.30037527,0.00388227,,0.18540482,-0.38712226,0.00388227,spy_relative;sector_relative;volume;volatility;single_day_move;gap,6,threshold,12.50560000,2026-08-11,5,6,6,77.00000000,-16.00000000,True,True
94,INTA,"Intapp, Inc.",Technology,,NMS,3040553216.00000000,2026-08-18,39.74000168,0.03247597,-0.00425954,0.40523341,0.84923230,0.65376615,0.03899003,0.12389257,0.37105967,0.81024227,0.52987358,XLK,0.05639968,0.06457900,0.33080012,0.34883372,0.78465330,0.32296603,0.64875559,26567688.96973686,1.03744531,0.12751679,2026-08-05,0.12751679,0.15839720,0.42796853,0.06953463,,0.11348387,-0.16635194,1.07628020,spy_relative;sector_relative;single_day_move;gap,4,threshold,12.44150000,2026-07-16,4,8,1,,,True,True
95,WHD,"Cactus, Inc. Class A Common Sto",Energy,,NYQ,5863520256.00000000,2026-08-18,73.12999725,-0.00435670,0.01513043,0.36334821,0.21196548,0.28320749,0.03899003,0.12389257,0.32917448,0.17297545,0.15931493,XLE,0.09906803,0.05117198,0.18474419,0.26428018,0.16079350,0.09846330,0.74757467,53800866.76122284,1.76151270,0.18501530,2026-07-30,0.18501530,0.32042097,0.55542852,0.10548389,0.16193550,0.08046634,-0.00435670,1.18952078,spy_relative;sector_relative;volatility;single_day_move;gap,5,threshold_and_sector_coverage,12.38510000,2026-07-31,5,10,11,95.00000000,0.00000000,True,True
96,ETOR,eToro Group Ltd.,Financial Services,,NMS,2208467200.00000000,2026-08-18,27.77000046,-0.01244667,-0.05318784,-0.27926288,-0.32744006,0.03080920,0.03899003,0.12389257,-0.31343661,-0.36643009,-0.09308337,XLF,0.03211990,0.11789714,0.10804596,-0.31138278,-0.44533721,-0.07723676,2.26377285,38770345.54974099,1.04940394,0.13735294,2026-08-11,-0.13735294,0.26140784,0.60714535,-0.05318784,,0.09441174,-0.40788914,0.12156705,spy_relative;sector_relative;volume;single_day_move;gap,5,threshold_and_sector_coverage,12.37880000,2026-08-11,5,6,6,122.00000000,26.00000000,True,True
97,LII,"Lennox International, Inc.",Industrials,,NYQ,14206164992.00000000,2026-08-18,411.04998779,-0.01220776,-0.04591138,-0.22963759,-0.18021183,-0.27312115,0.03899003,0.12389257,-0.26381132,-0.21920186,-0.39701372,XLI,0.03059742,0.07508057,0.04849215,-0.26023501,-0.25529240,-0.32161330,0.68859601,279538326.26622313,2.06600449,0.20968186,2026-07-29,-0.20968186,0.40708044,0.48229641,0.03918424,-0.02118503,0.09760892,-0.32995907,0.00000000,spy_relative;sector_relative;volatility;single_day_move;gap,5,threshold,12.31780000,2026-07-31,5,10,11,94.00000000,-3.00000000,True,True
98,BROS,Dutch Bros Inc.,Consumer Cyclical,,NYQ,8461664256.00000000,2026-08-18,48.43999863,-0.03927012,-0.02279607,-0.29139851,-0.05038227,-0.08947372,0.03899003,0.12389257,-0.32557224,-0.08937231,-0.21336629,XLY,-0.00835176,-0.01946573,0.00198057,-0.28304674,-0.03091655,-0.09145429,1.11366918,235226125.56733704,1.33573429,0.18790919,2026-08-06,-0.18790919,0.33764229,0.59473306,-0.04125259,,0.14024668,-0.34752155,0.03748126,spy_relative;sector_relative;single_day_move;gap,4,threshold,12.29570000,2026-08-06,3,7,2,114.00000000,16.00000000,True,False
99,IT,"Gartner, Inc.",Technology,,NYQ,11497534464.00000000,2026-08-18,182.07000732,0.01607235,-0.02776738,0.36116937,0.26034888,0.12715910,0.03899003,0.12389257,0.32699564,0.22135885,0.00326653,XLK,0.05639968,0.06457900,0.33080012,0.30476969,0.19576988,-0.20364102,0.97281158,274269955.68016052,1.71143388,0.22609381,2026-08-04,0.22609381,0.26076754,0.36632154,0.00796604,-0.02002253,0.05791860,-0.31057590,0.44810310,spy_relative;sector_relative;volatility;single_day_move,4,threshold,12.26790000,2026-07-28,3,8,1,,,True,False
100,PRCH,"Porch Group, Inc.",Financial Services,,NCM,1893510912.00000000,2026-08-18,16.68000031,-0.00477327,0.05837564,0.29302332,0.67301904,0.93279259,0.03899003,0.12389257,0.25884959,0.63402901,0.80890003,XLF,0.03211990,0.11789714,0.10804596,0.26090342,0.55512190,0.82474663,0.77231628,28968495.37023888,1.21730403,0.16019422,2026-07-30,0.16019422,0.18955044,0.31020184,0.07670847,0.18131104,0.23786413,-0.12394961,1.60625001,spy_relative;sector_relative;single_day_move;gap,4,threshold,12.18350000,2026-07-10,3,3,1,,,True,False
101,MANH,"Manhattan Associates, Inc.",Technology,,NMS,11566540800.00000000,2026-08-18,198.38000488,0.00972160,0.01629102,0.26695620,0.57996184,0.39028665,0.03899003,0.12389257,0.23278247,0.54097181,0.26639408,XLK,0.05639968,0.06457900,0.33080012,0.21055652,0.51538284,0.05948653,1.01060461,192091858.44692382,1.93098364,0.21317718,2026-07-29,0.21317718,0.28520458,0.32364676,-0.06563082,-0.01519462,0.15954095,-0.09551815,0.64113178,spy_relative;sector_relative;volatility;single_day_move;gap,5,threshold,12.15360000,2026-07-31,4,9,1,,,True,True
102,HALO,"Halozyme Therapeutics, Inc.",Healthcare,,NMS,11904804864.00000000,2026-08-18,104.88999939,0.01834951,0.02212041,0.36061752,0.55530836,0.30330511,0.03899003,0.12389257,0.32644379,0.51631833,0.17941254,XLV,0.06580845,0.16476801,0.07854102,0.29480907,0.39054035,0.22476408,1.03617593,225227559.37819749,2.18448747,0.20242538,2026-08-07,0.20242538,0.42457734,0.67487428,-0.04325057,,0.04944027,0.00000000,0.70193084,spy_relative;sector_relative;volatility;single_day_move,4,threshold,12.11380000,2026-08-07,5,8,8,126.00000000,24.00000000,True,True
103,SITM,SiTime Corporation,Technology,,NGM,20371550208.00000000,2026-08-18,680.05999756,-0.09257580,0.01942741,0.22500219,-0.06274897,0.64245868,0.03899003,0.12389257,0.19082846,-0.10173901,0.51856612,XLK,0.05639968,0.06457900,0.33080012,0.16860251,-0.12732797,0.31165856,0.75596635,309394119.96696776,1.48032357,0.26583445,2026-08-06,0.26583445,0.21631833,0.16953123,0.00062544,,0.26101048,-0.24561830,2.19622120,spy_relative;sector_relative;single_day_move;gap,4,threshold,12.01920000,2026-07-27,2,4,2,68.00000000,-35.00000000,True,False
104,STUB,"StubHub Holdings, Inc.",Communication Services,,NYQ,2724301312.00000000,2026-08-18,7.13000011,0.00140453,-0.12942607,-0.24630020,-0.05186168,-0.24550262,0.03899003,0.12389257,-0.28047393,-0.09085172,-0.36939519,XLC,-0.00288808,-0.05556505,-0.03426572,-0.24341212,0.00370337,-0.21123690,2.20826687,55141457.28844585,1.08029913,0.11881189,2026-08-17,-0.11881189,0.15060524,0.35131711,,,0.17447304,-0.67590909,0.17077175,spy_relative;sector_relative;volume;single_day_move;gap,5,threshold,11.96520000,2026-07-23,3,6,3,124.00000000,20.00000000,True,True
105,ARDX,"Ardelyx, Inc.",Healthcare,,NGM,1012095296.00000000,2026-08-18,3.92000008,-0.03448273,-0.00507614,-0.22986248,-0.35842881,-0.42011835,0.03899003,0.12389257,-0.26403622,-0.39741884,-0.54401092,XLV,0.06580845,0.16476801,0.07854102,-0.29567093,-0.52319682,-0.49865938,0.96407867,20287304.47108083,1.23719592,0.17864474,2026-08-07,-0.17864474,0.43131318,0.60317335,0.01499999,,0.16837776,-0.50938671,0.00255754,spy_relative;sector_relative;single_day_move;gap,4,threshold,11.95380000,2026-08-12,5,5,5,128.00000000,23.00000000,True,True
106,W,Wayfair Inc.,Consumer Cyclical,,NYQ,13928283136.00000000,2026-08-18,101.69000244,-0.01348467,-0.01463173,0.13861835,0.74665064,0.23425177,0.03899003,0.12389257,0.10444462,0.70766061,0.11035920,XLY,-0.00835176,-0.01946573,0.00198057,0.14697012,0.76611637,0.23227120,0.64800046,399217525.60079801,1.81740558,0.29974253,2026-08-04,0.29974253,0.33124318,0.14974678,-0.11095800,-0.12396622,0.23076924,-0.14582108,0.77160278,spy_relative;sector_relative;volatility;single_day_move;gap,5,threshold,11.93300000,2026-08-04,4,9,2,130.00000000,24.00000000,True,True
107,CBZ,"CBIZ, Inc.",Industrials,,NYQ,2969862144.00000000,2026-08-18,54.72999954,0.00109752,0.00238097,0.30839104,0.77291863,0.95324763,0.03899003,0.12389257,0.27421731,0.73392860,0.82935506,XLI,0.03059742,0.07508057,0.04849215,0.27779362,0.69783806,0.90475548,0.52218142,117045652.06996174,1.05040059,0.17558888,2026-07-29,0.17558888,0.43942302,0.70309123,-0.00182154,-0.00582877,0.16809418,-0.17773435,1.17700879,spy_relative;sector_relative;single_day_move;gap,4,threshold,11.80990000,2026-07-21,5,10,17,138.00000000,31.00000000,True,True
108,KNSA,Kiniksa Pharmaceuticals Interna,Healthcare,,NMS,6202128896.00000000,2026-08-18,79.48999786,0.00391510,0.02172230,0.27021405,0.48191646,0.75165262,0.03899003,0.12389257,0.23604032,0.44292643,0.62776005,XLV,0.06580845,0.16476801,0.07854102,0.20440560,0.31714845,0.67311160,0.59070936,51349618.66105004,1.81537472,0.25033450,2026-07-28,0.25033450,0.42355365,0.42372880,-0.04342906,-0.02064450,0.10269926,-0.01767178,1.40587154,spy_relative;sector_relative;volatility;single_day_move;gap,5,threshold,11.75920000,2026-07-28,5,8,5,92.00000000,-16.00000000,True,True
109,EXTR,"Extreme Networks, Inc.",Technology,,NMS,3099153152.00000000,2026-08-18,23.75000000,-0.02182869,-0.00627613,-0.21565391,-0.01493159,0.67253523,0.03899003,0.12389257,-0.24982765,-0.05392162,0.54864267,XLK,0.05639968,0.06457900,0.33080012,-0.27205360,-0.07951059,0.34173511,0.91749191,48606471.97053909,1.33266508,0.19016696,2026-08-05,-0.19016696,0.32058632,0.39559074,-0.06758306,,0.17037725,-0.29546127,0.72852987,spy_relative;sector_relative;single_day_move;gap,4,threshold,11.67410000,2026-08-06,5,9,9,121.00000000,12.00000000,True,True
110,APPN,Appian Corporation,Technology,,NGM,2609393408.00000000,2026-08-18,36.43000031,0.04354055,0.02590825,0.38992757,0.89542152,0.62779275,0.03899003,0.12389257,0.35575384,0.85643149,0.50390018,XLK,0.05639968,0.06457900,0.33080012,0.33352789,0.83084252,0.29699263,0.70383580,27592522.86034355,1.59778175,0.13909897,2026-08-07,0.13909897,0.13676962,0.32699473,0.02222865,,0.05211484,-0.20179665,0.94604710,spy_relative;sector_relative;volatility;single_day_move,4,threshold,11.66830000,2026-08-07,3,6,1,,,True,False
111,BTDR,Bitdeer Technologies Group,Technology,,NCM,2446040064.00000000,2026-08-18,9.00000000,-0.04153358,0.03567324,-0.20844326,-0.31558933,-0.05063287,0.03899003,0.12389257,-0.24261700,-0.35457937,-0.17452543,XLK,0.05639968,0.06457900,0.33080012,-0.26484295,-0.38016833,-0.38143299,1.31208182,139872903.70594484,1.36825341,0.24719111,2026-07-30,0.24719111,0.19130446,0.17984711,-0.05225224,-0.21081082,0.12445031,-0.65250965,0.23626370,spy_relative;sector_relative;single_day_move;gap,4,threshold,11.65240000,2026-07-10,4,9,1,,,True,True
112,CBRS,Cerebras Systems Inc.,Technology,,NMS,52266463232.00000000,2026-08-18,220.00999451,-0.12687516,-0.06283013,0.24383756,-0.25835160,,0.03899003,0.12389257,0.20966383,-0.29734163,,XLK,0.05639968,0.06457900,0.33080012,0.18743788,-0.32293060,,2.71945254,1663453183.47543716,,0.19883115,2026-07-30,0.19883115,0.12218608,0.13613982,0.04052787,0.13758796,0.16049759,-0.29273157,0.30554230,spy_relative;sector_relative;volume;single_day_move;gap,5,threshold,11.60780000,2026-07-13,2,2,2,47.00000000,-65.00000000,True,False
113,REZI,"Resideo Technologies, Inc.",Industrials,,NYQ,3182980096.00000000,2026-08-18,21.02000046,0.01841091,-0.13283826,-0.14985252,0.06922976,-0.17062764,0.03899003,0.12389257,-0.18402626,0.03023973,-0.29452021,XLI,0.03059742,0.07508057,0.04849215,-0.18044994,-0.00585081,-0.21911979,2.07344670,61650545.13550167,1.54558509,0.20420071,2026-08-13,-0.20420071,0.31366800,0.24090166,,,0.13457795,-0.32121931,0.12750064,spy_relative;sector_relative;volume;volatility;single_day_move;gap,6,threshold,11.57800000,2026-08-13,4,4,4,117.00000000,4.00000000,True,True
114,BTG,B2Gold Corp,Basic Materials,,ASE,6578932224.00000000,2026-08-18,4.98000002,-0.04230765,-0.01775151,0.36438353,0.05957452,-0.05142857,0.03899003,0.12389257,0.33020980,0.02058448,-0.17532114,XLB,0.03497901,0.03106327,-0.01745734,0.32940452,0.02851124,-0.03397122,0.96857680,106560696.57860711,1.38383145,0.22982886,2026-08-07,0.22982886,0.34877088,0.49008220,0.02186872,,0.06356962,-0.19806763,0.36438353,spy_relative;sector_relative;single_day_move,3,threshold,11.52840000,2026-08-07,5,8,8,90.00000000,-24.00000000,True,True
115,PCOR,"Procore Technologies, Inc.",Technology,,NYQ,9100605440.00000000,2026-08-18,59.88999939,0.02586499,0.01957776,0.37425417,0.30223956,0.23129112,0.03899003,0.12389257,0.34008044,0.26324952,0.10739855,XLK,0.05639968,0.06457900,0.33080012,0.31785449,0.23766056,-0.09950900,0.80290070,198252150.10919875,1.18481725,0.11216768,2026-07-23,-0.11216768,0.15570534,0.44448952,0.30939626,0.38899705,0.11642744,-0.24761306,0.56370759,spy_relative;sector_relative;single_day_move;gap,4,threshold,11.48980000,2026-07-31,3,6,1,,,True,False
116,ATEN,"A10 Networks, Inc.",Technology,,NYQ,1931400064.00000000,2026-08-18,26.60000038,-0.02742230,-0.02097901,-0.25677564,-0.05405407,0.32602199,0.03899003,0.12389257,-0.29094938,-0.09304410,0.20212942,XLK,0.05639968,0.06457900,0.33080012,-0.31317533,-0.11863307,-0.00477813,0.68914247,41514380.76362552,1.62635558,0.10505836,2026-08-06,-0.10505836,0.16275062,0.45175889,-0.02173914,,0.09435797,-0.30202047,0.60725085,spy_relative;sector_relative;volatility;single_day_move;gap,5,threshold,11.48460000,2026-08-06,5,8,6,125.00000000,9.00000000,True,True
117,RDDT,"Reddit, Inc.",Communication Services,,NYQ,30446747648.00000000,2026-08-18,158.25000000,-0.03799392,0.01318905,-0.12877119,-0.00540507,0.13660852,0.03899003,0.12389257,-0.16294492,-0.04439510,0.01271596,XLC,-0.00288808,-0.05556505,-0.03426572,-0.12588311,0.05015998,0.17087424,2.40815981,1443271061.51185918,1.62530526,0.20989663,2026-07-31,-0.20989663,0.21383317,0.13805947,0.14949882,0.26601264,0.17041113,-0.41542608,0.29883458,spy_relative;sector_relative;volume;volatility;single_day_move;gap,6,threshold,11.46470000,2026-07-31,3,8,1,,,True,False
118,HRB,"H&R Block, Inc.",Consumer Cyclical,,NYQ,6279165952.00000000,2026-08-18,50.93999863,0.01615794,0.09149348,0.23821097,0.41342945,0.70767679,0.03899003,0.12389257,0.20403724,0.37443942,0.58378423,XLY,-0.00835176,-0.01946573,0.00198057,0.24656273,0.43289517,0.70569623,1.94530346,129251191.16025543,1.41139633,0.16091713,2026-08-12,0.16091713,0.24702425,0.33357059,,,0.16777378,-0.05980070,0.79745936,spy_relative;sector_relative;volume;single_day_move;gap,5,threshold,11.40880000,2026-08-12,4,4,1,,,True,True
119,INFQ,"Infleqtion, Inc.",Technology,,NYQ,2900634112.00000000,2026-08-18,12.90999985,-0.03728561,0.09221660,0.42651929,0.13544415,-0.17190509,0.03899003,0.12389257,0.39234556,0.09645412,-0.29579765,XLK,0.05639968,0.06457900,0.33080012,0.37011961,0.07086515,-0.50270521,1.49356810,108652680.79923458,0.79964303,0.13023778,2026-07-30,0.13023778,0.11607237,0.32216581,0.11322647,0.22044097,0.05145411,-0.35027683,0.46538016,spy_relative;sector_relative;single_day_move,3,threshold,11.39140000,2026-07-13,3,3,3,101.00000000,-18.00000000,True,True
120,ABNB,"Airbnb, Inc.",Consumer Cyclical,,NMS,109727473664.00000000,2026-08-18,183.25000000,0.02208716,-0.00935234,0.26431625,0.36448247,0.47508649,0.03899003,0.12389257,0.23014252,0.32549244,0.35119393,XLY,-0.00835176,-0.01946573,0.00198057,0.27266801,0.38394820,0.47310593,0.96017512,854809367.38522029,2.07691866,0.17429443,2026-08-07,0.17429443,0.33163770,0.46002040,0.03363840,,0.08612502,-0.01015505,0.64290836,spy_relative;sector_relative;volatility;single_day_move;gap,5,threshold,11.39000000,2026-08-07,3,6,1,,,True,False
121,PPTA,Perpetua Resources Corp.,Basic Materials,,NCM,2976029184.00000000,2026-08-18,23.79000092,-0.02460018,-0.06449073,0.38555625,-0.23504821,-0.13710551,0.03899003,0.12389257,0.35138252,-0.27403824,-0.26099807,XLB,0.03497901,0.03106327,-0.01745734,0.35057724,-0.26611148,-0.11964816,0.75293077,25573947.28733253,0.99523002,0.10880077,2026-08-05,0.10880077,0.14445721,0.44360479,0.10204972,,0.07183528,-0.36082751,0.45504589,spy_relative;sector_relative;single_day_move;gap,4,threshold,11.35500000,2026-07-16,2,2,2,91.00000000,-30.00000000,True,False
122,CLF,Cleveland-Cliffs Inc.,Basic Materials,,NYQ,6778015744.00000000,2026-08-18,11.88000011,-0.03493097,-0.04270747,0.32293995,0.11444656,0.12927753,0.03899003,0.12389257,0.28876622,0.07545652,0.00538496,XLB,0.03497901,0.03106327,-0.01745734,0.28796093,0.08338328,0.14673487,0.44988727,285085415.34216946,1.22646569,0.15978839,2026-07-23,0.15978839,0.21220211,0.38107064,0.06113139,0.11587587,0.12910056,-0.26576020,0.51918157,spy_relative;sector_relative;single_day_move;gap,4,threshold,11.33610000,2026-07-24,2,6,2,129.00000000,7.00000000,True,False
123,PRGO,Perrigo Company plc,Healthcare,,NYQ,1794630144.00000000,2026-08-18,12.97000027,0.01170051,0.00933851,0.22474033,0.21441947,-0.10180051,0.03899003,0.12389257,0.19056660,0.17542943,-0.22569308,XLV,0.06580845,0.16476801,0.07854102,0.15893188,0.04965146,-0.18034153,0.73689781,34865138.11389971,1.74327805,0.23098338,2026-08-05,0.23098338,0.39269841,0.35853670,-0.04370768,,0.17068647,-0.47039606,0.40216219,spy_relative;sector_relative;volatility;single_day_move;gap,5,threshold,11.26910000,2026-08-06,5,9,9,147.00000000,24.00000000,True,True
124,IDCC,"InterDigital, Inc.",Technology,,NMS,8664883200.00000000,2026-08-18,335.76998901,-0.03622384,-0.00680338,0.30052676,0.27257905,-0.08364724,0.03899003,0.12389257,0.26635303,0.23358901,-0.20753981,XLK,0.05639968,0.06457900,0.33080012,0.24412708,0.20800005,-0.41444736,0.73127727,76703220.34897308,1.30547192,0.16156073,2026-07-30,0.16156073,0.30401088,0.50779033,0.08268229,0.13430924,0.17932903,-0.15325066,0.33906277,spy_relative;sector_relative;single_day_move;gap,4,threshold,11.25090000,2026-08-06,5,9,9,118.00000000,-6.00000000,True,True
125,KTOS,Kratos Defense & Security Solut,Industrials,,NMS,11636845568.00000000,2026-08-18,61.99000168,-0.02054036,-0.02730265,0.34936882,0.14330506,-0.32597585,0.03899003,0.12389257,0.31519509,0.10431503,-0.44986842,XLI,0.03059742,0.07508057,0.04849215,0.31877140,0.06822449,-0.37446800,0.87266690,217885099.81295794,0.85409136,0.09786181,2026-07-29,-0.09786181,0.12903919,0.39805417,0.26116679,0.45442111,0.13495277,-0.52578029,0.41271650,spy_relative;sector_relative;single_day_move;gap,4,threshold,11.25050000,2026-08-11,3,4,3,120.00000000,-5.00000000,True,True
126,FORM,"FormFactor, Inc.",Technology,,NMS,9713530880.00000000,2026-08-18,124.33999634,-0.10002900,0.02700914,0.17779669,-0.01528471,0.28543360,0.03899003,0.12389257,0.14362296,-0.05427474,0.16154103,XLK,0.05639968,0.06457900,0.33080012,0.12139701,-0.07986371,-0.04536652,0.79209941,149484829.37989959,1.52201605,0.26279210,2026-07-30,0.26279210,0.21711100,0.13804581,0.11396852,0.24881391,0.22180950,-0.22253485,3.46463176,spy_relative;sector_relative;volatility;single_day_move;gap,5,threshold,11.25030000,2026-07-15,2,2,2,85.00000000,-41.00000000,True,False
127,ICHR,Ichor Holdings,Technology,,NMS,2474975488.00000000,2026-08-18,66.08000183,-0.08056214,-0.02118205,-0.21041941,-0.00780776,0.40386663,0.03899003,0.12389257,-0.24459314,-0.04679779,0.27997406,XLK,0.05639968,0.06457900,0.33080012,-0.26681909,-0.07238676,0.07306651,0.61599283,69923877.53556213,1.19100167,0.20433737,2026-07-30,0.20433737,0.15564095,0.17945108,-0.12858476,-0.05042015,0.13558237,-0.41147130,3.63719311,spy_relative;sector_relative;single_day_move;gap,4,threshold,11.24860000,2026-07-10,3,8,1,,,True,False
128,BW,"Babcock & Wilcox Enterprises, I",Industrials,,NYQ,1361540864.00000000,2026-08-18,9.14000034,-0.07862900,-0.00544061,-0.11519841,-0.54640196,-0.03991598,0.03899003,0.12389257,-0.14937214,-0.58539199,-0.16380854,XLI,0.03059742,0.07508057,0.04849215,-0.14579583,-0.62148253,-0.08840813,1.68116985,47692921.80126047,0.90257575,0.19269524,2026-07-30,0.19269524,0.16221414,0.10327077,-0.00950371,-0.01267158,0.33558553,-0.58169336,5.26027404,spy_relative;sector_relative;single_day_move;gap,4,threshold,11.23650000,2026-07-13,4,5,1,,,True,True
129,FSLY,"Fastly, Inc.",Technology,,NMS,4235787008.00000000,2026-08-18,26.59000015,-0.08436641,-0.07609453,0.29897416,0.59126281,0.50566254,0.03899003,0.12389257,0.26480043,0.55227278,0.38176997,XLK,0.05639968,0.06457900,0.33080012,0.24257448,0.52668381,0.17486242,0.81459814,161398657.84324208,0.71186679,0.20862374,2026-08-10,0.20862374,0.21469851,0.27326889,0.04648652,,0.12677684,-0.20626865,2.69305567,spy_relative;sector_relative;single_day_move;gap,4,threshold,11.13360000,2026-08-04,5,8,7,82.00000000,-47.00000000,True,True
130,NG,Novagold Resources Inc.,Basic Materials,,ASE,3251364352.00000000,2026-08-18,7.40999985,-0.04387099,-0.03515625,0.41954026,-0.07490641,-0.28058255,0.03899003,0.12389257,0.38536653,-0.11389644,-0.40447512,XLB,0.03497901,0.03106327,-0.01745734,0.38456124,-0.10596968,-0.26312521,0.63857614,39195392.00949097,0.80953506,0.10301952,2026-07-22,0.10301952,0.13422162,0.46657652,-0.06763286,0.10950078,0.06811591,-0.47816902,0.43050195,spy_relative;sector_relative;single_day_move,3,threshold_and_sector_coverage,11.09580000,2026-07-15,3,3,3,87.00000000,-43.00000000,True,True
131,DVA,DaVita Inc.,Healthcare,,NYQ,11350658048.00000000,2026-08-18,177.91000366,0.00684780,-0.00241108,-0.23185526,-0.10191823,0.23317390,0.03899003,0.12389257,-0.26602899,-0.14090826,0.10928133,XLV,0.06580845,0.16476801,0.07854102,-0.29766371,-0.26668624,0.15463287,0.62498658,207712754.81309509,1.22358983,0.17237599,2026-08-05,-0.17237599,0.39042042,0.57341366,-0.03810484,,0.09974124,-0.26166169,0.71281408,spy_relative;sector_relative;single_day_move;gap,4,threshold,10.93350000,2026-08-06,4,8,2,136.00000000,5.00000000,True,True
132,AAOI,"Applied Optoelectronics, Inc.",Technology,,NGM,11113243648.00000000,2026-08-18,131.41000366,-0.15159143,-0.02173750,0.27557763,-0.24154445,1.99271246,0.03899003,0.12389257,0.24140390,-0.28053449,1.86881989,XLK,0.05639968,0.06457900,0.33080012,0.21917795,-0.30612345,1.66191234,1.21549670,1562155143.12203217,0.97897478,0.19435628,2026-08-04,0.19435628,0.10820133,0.13798718,0.02051202,-0.00167136,0.16663640,-0.41098162,5.74243228,spy_relative;sector_relative;single_day_move;gap,4,threshold,10.91430000,2026-07-10,3,3,3,45.00000000,-87.00000000,True,True
133,AMKR,"Amkor Technology, Inc.",Technology,,NMS,13625134080.00000000,2026-08-18,54.84000015,-0.10538335,0.00994477,-0.12340155,-0.16959419,0.17079419,0.03899003,0.12389257,-0.15757528,-0.20858423,0.04690163,XLK,0.05639968,0.06457900,0.33080012,-0.17980123,-0.23417319,-0.16000593,0.63508869,325830623.48476011,1.57996774,0.24740571,2026-07-28,-0.24740571,0.22083379,0.11435137,0.22280588,0.18844388,0.14676330,-0.41378943,1.38434783,spy_relative;sector_relative;volatility;single_day_move;gap,5,threshold,10.90150000,2026-07-17,3,8,1,,,True,False
134,CHRW,"C.H. Robinson Worldwide, Inc.",Industrials,,NMS,16904870912.00000000,2026-08-18,144.66999817,-0.00075978,-0.00296353,-0.26749368,-0.11386743,-0.26312842,0.03899003,0.12389257,-0.30166741,-0.15285746,-0.38702099,XLI,0.03059742,0.07508057,0.04849215,-0.29809110,-0.18894800,-0.31162057,0.54218495,391041183.79570693,1.67722265,0.15441728,2026-07-30,-0.15441728,0.23764611,0.46527034,0.01653967,0.01123066,0.06825900,-0.30613910,0.19482983,spy_relative;sector_relative;volatility;single_day_move,4,threshold_and_sector_coverage,10.82110000,2026-07-31,3,6,2,111.00000000,-23.00000000,True,False
135,MTZ,"MasTec, Inc.",Industrials,,NYQ,22495823872.00000000,2026-08-18,280.13000488,-0.07388920,0.02743448,-0.15006521,-0.32482524,0.03932774,0.03899003,0.12389257,-0.18423894,-0.36381527,-0.08456483,XLI,0.03059742,0.07508057,0.04849215,-0.18066263,-0.39990581,-0.00916441,1.10417904,462803541.78161621,2.18408020,0.18906422,2026-07-31,-0.18906422,0.19316749,0.16292596,0.03557577,0.13109080,0.14622119,-0.35971750,0.62384797,spy_relative;sector_relative;volatility;single_day_move;gap,5,threshold,10.80710000,2026-07-31,4,9,1,,,True,True
136,TE,T1 Energy Inc.,Industrials,,NYQ,1369550976.00000000,2026-08-18,4.65000010,-0.04713115,-0.14990854,-0.22885573,-0.33571427,-0.27795030,0.03899003,0.12389257,-0.26302946,-0.37470430,-0.40184287,XLI,0.03059742,0.07508057,0.04849215,-0.25945315,-0.41079484,-0.32644245,0.58407794,204340707.24362582,1.08498651,0.18465227,2026-08-03,0.18465227,0.13033806,0.18243500,0.07489876,-0.01214574,0.11224493,-0.61378737,2.49624056,spy_relative;sector_relative;single_day_move;gap,4,threshold,10.77240000,2026-07-10,3,5,1,,,True,False
137,ITGR,Integer Holdings Corporation,Healthcare,,NYQ,4252065280.00000000,2026-08-18,125.08999634,0.00007990,0.00039984,0.30180041,0.39035228,0.42699054,0.03899003,0.12389257,0.26762668,0.35136225,0.30309798,XLV,0.06580845,0.16476801,0.07854102,0.23599196,0.22558427,0.34844952,0.45085295,200720120.65514374,2.38539726,0.20176481,2026-07-31,0.20176481,0.64271084,0.89303218,0.03349557,0.03341311,0.03209306,-0.00777349,0.97552111,spy_relative;sector_relative;volatility;single_day_move,4,threshold,10.76790000,2026-07-31,5,10,11,133.00000000,-4.00000000,True,True
138,OMCL,"Omnicell, Inc.",Healthcare,,NMS,1635876352.00000000,2026-08-18,35.97000122,-0.00166521,-0.02414540,-0.23173854,-0.16678242,-0.04891588,0.03899003,0.12389257,-0.26591227,-0.20577246,-0.17280844,XLV,0.06580845,0.16476801,0.07854102,-0.29754699,-0.33155043,-0.12745690,0.93372605,31283838.29670715,1.11844330,0.11853163,2026-07-23,-0.11853163,0.21722624,0.47097543,-0.06899147,-0.07651779,0.14154590,-0.30005835,0.22097768,spy_relative;sector_relative;single_day_move;gap,4,threshold,10.75860000,2026-08-04,1,2,1,,,True,False
139,DAVE,Dave Inc.,Technology,,NGM,4249369856.00000000,2026-08-18,333.14001465,-0.02428017,0.07464521,-0.23989227,0.38485209,0.88630323,0.03899003,0.12389257,-0.27406600,0.34586206,0.76241066,XLK,0.05639968,0.06457900,0.33080012,-0.29629195,0.32027309,0.55550311,0.97512993,167487837.23751220,1.28278243,0.15087408,2026-08-06,-0.15087408,0.19765675,0.35044601,-0.08621262,,0.10272922,-0.24719225,1.13660864,spy_relative;sector_relative;single_day_move;gap,4,threshold,10.75240000,2026-07-10,2,2,2,145.00000000,6.00000000,True,False
140,TDC,Teradata Corporation,Technology,,NYQ,2647709952.00000000,2026-08-18,28.46999931,0.03414452,0.05994038,-0.09070585,-0.12935784,-0.24841609,0.03899003,0.12389257,-0.12487958,-0.16834787,-0.37230866,XLK,0.05639968,0.06457900,0.33080012,-0.14710553,-0.19393684,-0.57921621,0.78068396,97831194.56357308,1.58088273,0.23727828,2026-08-05,-0.23727828,0.29924661,0.11535637,0.01944339,,0.19976735,-0.24841609,0.39422131,spy_relative;sector_relative;volatility;single_day_move;gap,5,threshold,10.69720000,2026-08-06,5,9,9,135.00000000,-5.00000000,True,True
141,HUT,Hut 8 Corp.,Financial Services,,NMS,9958132736.00000000,2026-08-18,80.79000092,-0.08234893,-0.08999772,-0.19954423,-0.16018707,0.52606730,0.03899003,0.12389257,-0.23371796,-0.19917711,0.40217474,XLF,0.03211990,0.11789714,0.10804596,-0.23166413,-0.27808422,0.41802134,1.09514709,463356861.11535990,1.14979242,0.22782940,2026-07-30,0.22782940,0.18134990,0.17720822,-0.16274125,-0.23385980,0.11363117,-0.39264773,2.78053335,spy_relative;sector_relative;single_day_move;gap,4,threshold,10.69530000,2026-07-28,2,2,1,,,True,False
142,RSI,"Rush Street Interactive, Inc.",Consumer Cyclical,,NYQ,5996264448.00000000,2026-08-18,24.54999924,-0.03536352,-0.02385687,-0.25152440,-0.09642992,0.54499677,0.03899003,0.12389257,-0.28569813,-0.13541995,0.42110420,XLY,-0.00835176,-0.01946573,0.00198057,-0.24317263,-0.07696419,0.54301620,0.54140513,78548760.15576744,1.60837388,0.13032175,2026-07-30,-0.13032175,0.19099027,0.41465867,-0.07025415,-0.04409568,0.07754305,-0.28881811,0.54499677,spy_relative;sector_relative;volatility;single_day_move;gap,5,threshold,10.65260000,2026-08-12,2,2,1,,,True,False
143,DXYZ,Destiny Tech100 Inc.,Financial Services,,NYQ,1009936832.00000000,2026-08-18,33.15000153,-0.02499996,0.11917625,0.34920643,-0.37452827,0.12563669,0.03899003,0.12389257,0.31503270,-0.41351830,0.00174413,XLF,0.03211990,0.11789714,0.10804596,0.31708653,-0.49242542,0.01759073,1.95485561,35694714.63545265,0.63746985,0.11647192,2026-08-11,0.11647192,0.13965341,0.36549969,0.11917625,,0.05147059,-0.53467150,0.59221912,spy_relative;sector_relative;volume;single_day_move,4,threshold,10.65140000,2026-08-18,1,1,1,,,True,False
144,UCTT,"Ultra Clean Holdings, Inc.",Technology,,NMS,3704566528.00000000,2026-08-18,81.81999969,-0.06895764,-0.04937841,-0.19870728,-0.03775137,0.46290004,0.03899003,0.12389257,-0.23288102,-0.07674140,0.33900747,XLK,0.05639968,0.06457900,0.33080012,-0.25510697,-0.10233037,0.13209992,0.84749091,120323368.61642075,1.28343415,0.19634905,2026-07-30,0.19634905,0.14255276,0.16039399,0.04829985,0.02042529,0.11398592,-0.42618696,2.77921483,spy_relative;sector_relative;single_day_move;gap,4,threshold,10.53320000,2026-07-10,1,4,1,,,True,False
145,NTRA,"Natera, Inc.",Healthcare,,NMS,44928299008.00000000,2026-08-18,311.69000244,-0.00792536,-0.00329368,0.18680271,0.61883252,0.47545563,0.03899003,0.12389257,0.15262898,0.57984249,0.35156307,XLV,0.06580845,0.16476801,0.07854102,0.12099426,0.45406451,0.39691461,1.10471425,387012967.56124878,1.57897080,0.21373125,2026-08-07,0.21373125,0.41802310,0.34926053,-0.03778334,,0.20920939,-0.03231917,0.94660262,spy_relative;sector_relative;volatility;single_day_move;gap,5,threshold,10.51490000,2026-07-15,1,3,1,,,True,False
146,PODD,Insulet Corporation,Healthcare,,NMS,10266502144.00000000,2026-08-18,148.02999878,0.05962779,0.02301314,-0.07063034,-0.00544207,-0.40988641,0.03899003,0.12389257,-0.10480407,-0.04443210,-0.53377897,XLV,0.06580845,0.16476801,0.07854102,-0.13643879,-0.17021008,-0.48842743,0.82535596,263748952.98256379,1.84280446,0.20117499,2026-08-05,-0.20117499,0.30626002,0.10801499,0.08854873,,0.23270594,-0.58043763,0.11083600,spy_relative;sector_relative;volatility;single_day_move;gap,5,threshold,10.44240000,2026-08-06,5,9,9,106.00000000,-40.00000000,True,True
147,CORZ,"Core Scientific, Inc.",Technology,,NMS,6057267712.00000000,2026-08-18,18.85000038,-0.06358663,-0.04605262,-0.15848211,-0.20025453,0.09402211,0.03899003,0.12389257,-0.19265584,-0.23924457,-0.02987046,XLK,0.05639968,0.06457900,0.33080012,-0.21488179,-0.26483353,-0.23677801,0.86158573,291111453.45978963,1.61182696,0.20364230,2026-07-30,0.20364230,0.18667096,0.15872457,-0.03484641,-0.09307652,0.09243925,-0.35356651,0.39114392,spy_relative;sector_relative;volatility;single_day_move;gap,5,threshold,10.39850000,2026-08-18,1,1,1,,,True,False
148,WU,Western Union Company (The),Financial Services,,NYQ,2248647424.00000000,2026-08-18,7.21000004,0.00417830,0.02269501,-0.16743647,-0.14775414,-0.23622878,0.03899003,0.12389257,-0.20161020,-0.18674417,-0.36012134,XLF,0.03211990,0.11789714,0.10804596,-0.19955637,-0.26565128,-0.34427474,0.65994391,94066311.51513691,2.63156009,0.17295187,2026-07-31,-0.17295187,0.28498494,0.29618340,0.11320751,0.17138359,0.07802339,-0.29863811,0.13364778,spy_relative;sector_relative;volatility;single_day_move;gap,5,threshold,10.35430000,2026-07-31,2,4,2,143.00000000,-5.00000000,True,False
149,BLKB,"Blackbaud, Inc.",Technology,,NMS,2013504640.00000000,2026-08-18,44.36000061,0.02235541,-0.02398240,0.35740515,0.38625002,-0.06294887,0.03899003,0.12389257,0.32323142,0.34725999,-0.18684144,XLK,0.05639968,0.06457900,0.33080012,0.30100547,0.32167102,-0.39374899,0.59573994,29561735.16731415,1.46736341,0.17394934,2026-07-29,0.17394934,0.23500743,0.42290769,0.08795636,0.05903267,0.03921564,-0.36782098,0.67143930,spy_relative;sector_relative;single_day_move,3,threshold,10.28800000,2026-07-27,4,9,1,,,True,True
150,CGAU,Centerra Gold Inc.,Basic Materials,,NYQ,4162528512.00000000,2026-08-18,21.28000069,-0.02919705,-0.01845017,0.40092174,0.24736233,0.15589358,0.03899003,0.12389257,0.36674801,0.20837230,0.03200102,XLB,0.03497901,0.03106327,-0.01745734,0.36594273,0.21629906,0.17335093,0.83160230,31219463.84149723,1.00050943,0.07574862,2026-07-30,0.07574862,0.10917842,0.49298413,0.08133187,0.15938865,0.04795562,-0.02919705,2.00141047,spy_relative;sector_relative;single_day_move,3,threshold,10.24080000,2026-08-17,2,2,2,127.00000000,-23.00000000,True,False
