market_data_date,ticker,rank,signal_score,trigger_count
2026-07-10,CRNX,1,76.5949,6
2026-07-10,DFTX,2,43.0237,5
2026-07-10,TRAX,3,40.2511,4
2026-07-10,HQ,4,38.8878,4
2026-07-10,QURE,5,35.9057,5
2026-07-10,MBX,6,30.1849,4
2026-07-10,APGE,7,28.8039,5
2026-07-10,BFLY,8,26.2221,5
2026-07-10,ABSI,9,23.1836,5
2026-07-10,SLS,10,20.3378,4
2026-07-10,WYFI,11,20.1154,4
2026-07-10,ABVX,12,18.9143,4
2026-07-10,ATEX,13,18.9035,4
2026-07-10,KYMR,14,17.8781,5
2026-07-10,IONS,15,16.8461,6
2026-07-10,QDEL,16,15.9031,5
2026-07-10,CBRL,17,15.3298,4
2026-07-10,ZBIO,18,15.0766,3
2026-07-10,ELVN,19,14.6955,4
2026-07-10,PENG,20,14.4266,6
2026-07-10,NRIX,21,14.4176,4
2026-07-10,NVTS,22,14.1947,4
2026-07-10,PRCH,23,14.1024,3
2026-07-10,SMCI,24,14.0033,4
2026-07-10,ICHR,25,13.6042,4
2026-07-10,TECH,26,13.5888,5
2026-07-10,PRIM,27,13.5503,4
2026-07-10,BWIN,28,13.4086,5
2026-07-10,AGIO,29,13.3481,3
2026-07-10,LUNR,30,13.2747,3
2026-07-10,BRBR,31,13.2493,3
2026-07-10,SOLS,32,13.2257,6
2026-07-10,TENB,33,13.1569,3
2026-07-10,MMYT,34,13.0225,4
2026-07-10,WOLF,35,12.8078,4
2026-07-10,ACN,36,12.659,5
2026-07-10,BHVN,37,12.638,4
2026-07-10,WDFC,38,12.5914,6
2026-07-10,RARE,39,12.5509,3
2026-07-10,PCT,40,12.4677,4
2026-07-10,SEZL,41,12.4428,3
2026-07-10,PGEN,42,12.3888,3
2026-07-10,GSHD,43,12.3765,3
2026-07-10,ON,44,12.3598,5
2026-07-10,PTRN,45,12.3365,4
2026-07-10,PSNL,46,12.1124,3
2026-07-10,FLNC,47,12.1044,4
2026-07-10,COMP,48,11.9246,3
2026-07-10,AVAV,49,11.8093,4
2026-07-10,ALMS,50,11.7807,3
2026-07-10,FLY,51,11.7766,4
2026-07-10,MRNA,52,11.7458,3
2026-07-10,RDW,53,11.7275,3
2026-07-10,DAVE,54,11.7262,3
2026-07-10,FOXA,55,11.4969,5
2026-07-10,EOSE,56,11.4846,4
2026-07-10,WEN,57,11.3247,5
2026-07-10,ORCL,58,11.3168,4
2026-07-10,TXG,59,11.2574,3
2026-07-10,EPC,60,11.2301,5
2026-07-10,AEHR,61,11.2227,4
2026-07-10,AXTI,62,11.1929,4
2026-07-10,BB,63,11.169,5
2026-07-10,YSS,64,10.9443,3
2026-07-10,RLAY,65,10.9439,3
2026-07-10,ORKA,66,10.8929,4
2026-07-10,JBIO,67,10.8351,3
2026-07-10,AMPX,68,10.8252,3
2026-07-10,ACMR,69,10.8022,5
2026-07-10,ERAS,70,10.7689,3
2026-07-10,CGEM,71,10.7362,3
2026-07-10,FOX,72,10.7037,5
2026-07-10,BCAX,73,10.6558,3
2026-07-10,LFST,74,10.4905,3
2026-07-10,RKLB,75,10.4517,4
2026-07-10,GLUE,76,10.4282,3
2026-07-10,FCEL,77,10.3894,4
2026-07-10,AAOI,78,10.3324,4
2026-07-10,CRVS,79,10.3094,3
2026-07-10,CERT,80,10.2256,4
2026-07-10,PVLA,81,10.2252,3
2026-07-10,DAN,82,10.1668,4
2026-07-10,QLYS,83,10.1649,3
2026-07-10,GRND,84,10.1306,3
2026-07-10,SYRE,85,10.1287,4
2026-07-10,AMPL,86,10.1066,4
2026-07-10,IREN,87,10.071,4
2026-07-10,MXL,88,10.0676,4
2026-07-10,SNDK,89,10.009,5
2026-07-10,DMRA,90,10.005,3
2026-07-10,INOD,91,9.9552,3
2026-07-10,CRCL,92,9.9309,4
2026-07-10,RBLX,93,9.8985,4
2026-07-10,AA,94,9.8795,3
2026-07-10,CNXC,95,9.8625,4
2026-07-10,RXT,96,9.849,4
2026-07-10,IRDM,97,9.8201,5
2026-07-10,MLKN,98,9.8192,3
2026-07-10,NUTX,99,9.8032,3
2026-07-10,FOUR,100,9.7315,3
2026-07-10,UMC,101,9.7057,5
2026-07-10,NAVN,102,9.7027,4
2026-07-10,FRMI,103,9.6773,4
2026-07-10,BJRI,104,9.6662,3
2026-07-10,VRNS,105,9.6382,3
2026-07-10,ATAI,106,9.6302,3
2026-07-10,LEGN,107,9.6231,4
2026-07-10,GLXY,108,9.6079,4
2026-07-10,VERA,109,9.5885,4
2026-07-10,HNGE,110,9.551,2
2026-07-10,BULL,111,9.5058,3
2026-07-10,AVAH,112,9.4878,2
2026-07-10,PBF,113,9.4495,3
2026-07-10,TE,114,9.4245,4
2026-07-10,VSH,115,9.2957,4
2026-07-10,OUST,116,9.2577,5
2026-07-10,PAY,117,9.2327,3
2026-07-10,ENVX,118,9.2094,4
2026-07-10,DOCN,119,9.1799,4
2026-07-10,ELF,120,9.16,2
2026-07-10,AMAT,121,9.1564,5
2026-07-10,PRCT,122,9.1495,3
2026-07-10,BBIO,123,9.1093,4
2026-07-10,VECO,124,9.0733,5
2026-07-10,GPC,125,9.0412,4
2026-07-10,FRVO,126,9.0387,4
2026-07-10,AMBA,127,9.0345,4
2026-07-10,UCTT,128,9.0231,5
2026-07-10,VSAT,129,8.9219,5
2026-07-10,RMBS,130,8.8961,4
2026-07-10,SENEA,131,8.8682,4
2026-07-10,EWTX,132,8.7969,3
2026-07-10,CXT,133,8.7685,3
2026-07-10,TDOC,134,8.7115,3
2026-07-10,VKTX,135,8.6879,3
2026-07-10,CCC,136,8.6759,4
2026-07-10,ACLS,137,8.6609,5
2026-07-10,KOD,138,8.6409,3
2026-07-10,SNDX,139,8.6374,3
2026-07-10,HUN,140,8.6326,3
2026-07-10,GPGI,141,8.6225,4
2026-07-10,HOOD,142,8.592,3
2026-07-10,CGON,143,8.5907,3
2026-07-10,BTDR,144,8.5793,3
2026-07-10,NTSK,145,8.5722,2
2026-07-10,CENX,146,8.5489,3
2026-07-10,IDYA,147,8.5061,3
2026-07-10,CAPR,148,8.5005,4
2026-07-10,FPS,149,8.4727,4
2026-07-10,GLOB,150,8.451,4
2026-07-13,KLAC,1,418.4802,4
2026-07-13,CRNX,1,76.1255,6
2026-07-13,CRWD,2,142.8346,4
2026-07-13,HQ,2,38.5815,4
2026-07-13,DFTX,3,38.4525,5
2026-07-13,MLI,4,41.1224,4
2026-07-13,TRAX,4,36.6271,4
2026-07-13,DD,5,32.4096,4
2026-07-13,QURE,5,33.6468,5
2026-07-13,APGE,6,29.589,5
2026-07-13,MBX,7,27.225,4
2026-07-13,BFLY,8,24.5285,5
2026-07-13,ABSI,9,24.1084,5
2026-07-13,SLS,10,22.6288,4
2026-07-13,ABVX,11,20.2459,5
2026-07-13,WYFI,12,18.4573,4
2026-07-13,ATEX,13,18.0846,3
2026-07-13,IONS,14,17.4678,6
2026-07-13,QDEL,15,15.9688,5
2026-07-13,PENG,16,15.5526,6
2026-07-13,ATRO,17,13.6609,4
2026-07-13,PSNL,17,14.8629,3
2026-07-13,AXTI,18,14.7426,4
2026-07-13,MIDD,19,12.0576,4
2026-07-13,ZBIO,19,14.6884,3
2026-07-13,TECH,20,14.508,5
2026-07-13,BWIN,21,14.1646,5
2026-07-13,LUNR,22,14.1346,3
2026-07-13,KYMR,23,14.1324,5
2026-07-13,MMYT,24,13.5997,4
2026-07-13,FLY,25,13.5693,4
2026-07-13,ELVN,26,13.3975,4
2026-07-13,NRIX,27,13.3377,3
2026-07-13,NVTS,28,13.3251,4
2026-07-13,BRBR,29,13.2028,3
2026-07-13,CGEM,30,13.1232,3
2026-07-13,PCT,31,12.8735,4
2026-07-13,AAOI,32,12.8557,4
2026-07-13,ON,33,12.4346,5
2026-07-13,TENB,34,12.3748,3
2026-07-13,AEHR,35,12.3336,4
2026-07-13,COMP,36,12.2386,3
2026-07-13,AVAV,37,12.2319,4
2026-07-13,RDW,38,12.2078,3
2026-07-13,ORCL,39,12.1491,4
2026-07-13,PRIM,40,12.1385,4
2026-07-13,MRNA,41,12.1153,3
2026-07-13,NTSK,42,12.0423,2
2026-07-13,YSS,43,12.0379,3
2026-07-13,FLNC,44,11.9828,4
2026-07-13,ACN,45,11.9382,5
2026-07-13,TXG,46,11.9099,3
2026-07-13,LEGN,47,11.6698,4
2026-07-13,DAVE,48,11.6418,3
2026-07-13,WOLF,49,11.6075,4
2026-07-13,EOSE,50,11.5852,4
2026-07-13,BHVN,51,11.5446,4
2026-07-13,AGIO,52,11.5224,3
2026-07-13,RKLB,53,11.3554,4
2026-07-13,RARE,54,11.3086,3
2026-07-13,PTRN,55,11.2856,4
2026-07-13,WEN,56,11.235,5
2026-07-13,RXT,57,11.2079,4
2026-07-13,ORKA,58,11.192,4
2026-07-13,ALMS,59,11.1323,3
2026-07-13,JBIO,60,11.0198,3
2026-07-13,PVLA,61,10.9771,3
2026-07-13,SOLS,62,10.9719,5
2026-07-13,AMPX,63,10.9575,3
2026-07-13,AMPL,64,10.9573,4
2026-07-13,AMC,65,10.9391,5
2026-07-13,FOXA,66,10.9368,5
2026-07-13,EPC,67,10.8609,5
2026-07-13,FOUR,68,10.8547,3
2026-07-13,RBLX,69,10.716,4
2026-07-13,PRCH,70,10.6842,3
2026-07-13,DOCN,71,10.6683,4
2026-07-13,FIZZ,72,6.9334,4
2026-07-13,CRCL,72,10.6151,4
2026-07-13,CCC,73,10.5682,4
2026-07-13,VOYG,74,10.516,3
2026-07-13,IREN,75,10.4454,4
2026-07-13,AMBA,76,6.8897,3
2026-07-13,DMRA,76,10.4169,3
2026-07-13,BB,77,10.4074,5
2026-07-13,OUST,78,6.834,3
2026-07-13,GSHD,78,10.3822,3
2026-07-13,FOX,79,10.3289,5
2026-07-13,VOR,80,6.7615,2
2026-07-13,MLKN,80,10.1729,3
2026-07-13,PAY,81,10.165,3
2026-07-13,INOD,82,10.1556,3
2026-07-13,HNGE,83,10.1461,2
2026-07-13,BCAX,84,10.026,3
2026-07-13,CERT,85,10.0259,4
2026-07-13,INFQ,86,10.0197,4
2026-07-13,PBF,87,9.9565,3
2026-07-13,IONQ,88,9.9007,3
2026-07-13,FRVO,89,9.881,4
2026-07-13,RLAY,90,9.8612,3
2026-07-13,LFST,91,9.8596,3
2026-07-13,ICHR,92,9.8135,4
2026-07-13,LZB,93,6.3961,3
2026-07-13,VRNS,93,9.7584,3
2026-07-13,WDFC,94,9.7518,6
2026-07-13,OMDA,95,9.7518,3
2026-07-13,IRDM,96,6.3386,2
2026-07-13,QLYS,96,9.6611,3
2026-07-13,NAVN,97,9.5808,4
2026-07-13,CNXC,98,6.2877,3
2026-07-13,MXL,98,9.5729,4
2026-07-13,GLXY,99,9.5296,4
2026-07-13,VKTX,100,9.4954,3
2026-07-13,PGEN,101,9.4675,3
2026-07-13,ASTS,102,9.4529,3
2026-07-13,VSAT,103,6.1897,3
2026-07-13,RMBS,103,9.4065,4
2026-07-13,ERAS,104,9.3958,3
2026-07-13,LASR,105,6.1782,3
2026-07-13,BAND,105,9.3727,4
2026-07-13,AEVA,106,9.361,4
2026-07-13,AMAT,107,6.1626,4
2026-07-13,GRND,107,9.3608,3
2026-07-13,ACMR,108,6.1483,3
2026-07-13,PRCT,108,9.3578,3
2026-07-13,VECO,109,9.3234,5
2026-07-13,SENEA,110,6.1082,3
2026-07-13,FCEL,110,9.3109,4
2026-07-13,VSH,111,9.2618,4
2026-07-13,TDOC,112,9.2526,3
2026-07-13,CBRS,113,6.0381,3
2026-07-13,ALGT,113,9.2155,4
2026-07-13,ENVX,114,9.2079,4
2026-07-13,URGN,115,9.1677,2
2026-07-13,RIVN,116,9.1528,5
2026-07-13,POET,117,9.1486,3
2026-07-13,NN,118,9.1353,3
2026-07-13,CAPR,119,9.1323,4
2026-07-13,OC,120,5.9866,3
2026-07-13,SYRE,120,9.074,4
2026-07-13,NUTX,121,9.069,3
2026-07-13,BW,122,9.0297,3
2026-07-13,TTMI,123,9.0173,4
2026-07-13,UMC,124,8.9955,4
2026-07-13,ALGM,125,5.893,4
2026-07-13,AVAH,125,8.978,2
2026-07-13,ATAI,126,8.9759,3
2026-07-13,SPGI,127,5.8101,4
2026-07-13,ROKU,127,8.9314,4
2026-07-13,QS,128,5.8023,3
2026-07-13,TE,128,8.9278,4
2026-07-13,CPNG,129,5.8,3
2026-07-13,MDA,129,8.923,5
2026-07-13,GPGI,130,5.7855,3
2026-07-13,BTDR,130,8.9159,3
2026-07-13,BBIO,131,5.7838,3
2026-07-13,FPS,131,8.9118,4
2026-07-13,ACLS,132,8.7673,5
2026-07-13,FRHC,133,5.7375,3
2026-07-13,AYI,133,8.7608,5
2026-07-13,GLUE,134,8.7146,3
2026-07-13,NUVB,135,8.6815,4
2026-07-13,RUM,136,5.687,3
2026-07-13,CXT,136,8.6677,3
2026-07-13,KEEL,137,5.6722,3
2026-07-13,DAN,137,8.6494,3
2026-07-13,MSTR,138,8.6429,4
2026-07-13,UCTT,139,5.6606,3
2026-07-13,MGNI,139,8.623,3
2026-07-13,GPC,140,8.5702,4
2026-07-13,KOS,141,5.6421,2
2026-07-13,RCAT,141,8.5701,3
2026-07-13,TWST,142,8.5444,3
2026-07-13,ANAB,143,8.5388,3
2026-07-13,CAMT,144,8.486,4
2026-07-13,APLD,145,8.4743,3
2026-07-13,ONDS,146,8.4721,3
2026-07-13,BRUN,147,8.4535,4
2026-07-13,TCOM,148,5.5572,3
2026-07-13,SEZL,148,8.3982,3
2026-07-13,ASX,149,5.5564,4
2026-07-13,BILL,149,8.3781,3
2026-07-13,SNDK,150,5.5546,2
2026-07-13,AA,150,8.3516,3
2026-07-15,CRNX,1,67.9297,5
2026-07-15,DFTX,2,38.1147,5
2026-07-15,HQ,3,36.127,4
2026-07-15,TRAX,4,35.1083,4
2026-07-15,QURE,5,33.0417,5
2026-07-15,APGE,6,27.6642,5
2026-07-15,ABVX,7,20.5502,4
2026-07-15,ABSI,8,20.5098,5
2026-07-15,BFLY,9,20.4485,5
2026-07-15,MBX,10,20.2466,4
2026-07-15,SLS,11,19.8644,4
2026-07-15,IONS,12,17.7418,6
2026-07-15,PSNL,13,17.4246,3
2026-07-15,TXG,14,16.2208,3
2026-07-15,QDEL,15,15.6212,5
2026-07-15,IBM,16,15.2678,6
2026-07-15,AXTI,17,15.0549,4
2026-07-15,DAVE,18,14.6262,3
2026-07-15,BWIN,19,14.6168,5
2026-07-15,AEHR,20,14.5954,5
2026-07-15,ERAS,21,14.2795,3
2026-07-15,TECH,22,14.1336,5
2026-07-15,NVTS,23,14.101,4
2026-07-15,TENB,24,14.0342,3
2026-07-15,LEGN,25,13.5536,4
2026-07-15,DMRA,26,13.4377,3
2026-07-15,ZBIO,27,13.4304,3
2026-07-15,NTSK,28,13.281,3
2026-07-15,PYPL,29,13.2033,5
2026-07-15,COMP,30,13.0372,3
2026-07-15,IREN,31,12.9956,4
2026-07-15,LUNR,32,12.8801,3
2026-07-15,FLNC,33,12.8227,4
2026-07-15,AMPL,34,12.7584,4
2026-07-15,KYMR,35,12.4767,5
2026-07-15,FLY,36,12.3415,4
2026-07-15,ON,37,12.3392,5
2026-07-15,PTRN,38,12.3281,4
2026-07-15,JBIO,39,12.2754,3
2026-07-15,QLYS,40,11.9891,3
2026-07-15,AAOI,41,11.9581,4
2026-07-15,NRIX,42,11.9318,3
2026-07-15,CERT,43,11.7436,4
2026-07-15,PNR,44,11.6904,6
2026-07-15,SEZL,45,11.5209,3
2026-07-15,VRNS,46,11.5014,3
2026-07-15,FCEL,47,11.4967,5
2026-07-15,FRVO,48,11.4913,4
2026-07-15,RDW,49,11.4654,3
2026-07-15,RXT,50,11.4029,4
2026-07-15,ACN,51,11.3918,5
2026-07-15,PBF,52,11.3849,3
2026-07-15,ANNX,53,11.3622,3
2026-07-15,AVAV,54,11.3317,4
2026-07-15,AMC,55,11.2581,5
2026-07-15,WULF,56,11.2239,4
2026-07-15,PRIM,57,11.1519,4
2026-07-15,BRBR,58,10.975,3
2026-07-15,MRVI,59,10.9202,3
2026-07-15,VOYG,60,10.8605,3
2026-07-15,HIMS,61,10.8479,3
2026-07-15,ATAI,62,10.8141,3
2026-07-15,AGIO,63,10.7792,3
2026-07-15,PAY,64,10.7761,3
2026-07-15,CCC,65,10.7744,4
2026-07-15,EOSE,66,10.7703,4
2026-07-15,BHVN,67,10.7447,4
2026-07-15,PVLA,68,10.6933,3
2026-07-15,VSH,69,10.6815,4
2026-07-15,LWLG,70,10.6678,4
2026-07-15,AEVA,71,10.5926,4
2026-07-15,RBLX,72,10.5687,4
2026-07-15,LCID,73,10.5645,5
2026-07-15,OMDA,74,10.532,3
2026-07-15,MRNA,75,10.4154,3
2026-07-15,DOCN,76,10.3621,4
2026-07-15,VECO,77,10.3215,4
2026-07-15,RKLB,78,10.3077,4
2026-07-15,WDFC,79,10.3013,6
2026-07-15,PENG,80,10.2996,5
2026-07-15,ERIC,81,10.2964,6
2026-07-15,INOD,82,10.2867,3
2026-07-15,GSHD,83,10.2856,3
2026-07-15,GRND,84,10.2017,3
2026-07-15,FPS,85,10.1776,4
2026-07-15,SNDK,86,10.1665,4
2026-07-15,IONQ,87,10.1188,3
2026-07-15,POET,88,10.1089,3
2026-07-15,YSS,89,10.1082,3
2026-07-15,AIP,90,10.0929,5
2026-07-15,BW,91,10.045,3
2026-07-15,EPC,92,10.0309,5
2026-07-15,SYRE,93,9.9739,4
2026-07-15,WOLF,94,9.9056,4
2026-07-15,GLXY,95,9.9013,4
2026-07-15,SOLS,96,9.8225,4
2026-07-15,TE,97,9.8205,4
2026-07-15,WEN,98,9.8159,4
2026-07-15,BB,99,9.807,5
2026-07-15,RMBS,100,9.7829,4
2026-07-15,BILL,101,9.7506,3
2026-07-15,NEO,102,9.7386,4
2026-07-15,AMPX,103,9.7322,3
2026-07-15,ORKA,104,9.6963,4
2026-07-15,CHYM,105,9.6695,3
2026-07-15,MANE,106,9.6062,4
2026-07-15,ARM,107,9.5865,4
2026-07-15,TTMI,108,9.5816,4
2026-07-15,INFQ,109,9.5458,4
2026-07-15,MMYT,110,9.4919,4
2026-07-15,PARR,111,9.449,3
2026-07-15,MRVL,112,9.4044,4
2026-07-15,BTDR,113,9.3907,3
2026-07-15,CRWV,114,9.3482,4
2026-07-15,APLD,115,9.2671,3
2026-07-15,FORM,116,9.2598,5
2026-07-15,CAPR,117,9.2298,4
2026-07-15,CAMT,118,9.2093,4
2026-07-15,MLKN,119,9.1647,3
2026-07-15,AOSL,120,9.1445,4
2026-07-15,RGTI,121,9.1412,4
2026-07-15,MPLT,122,9.1247,3
2026-07-15,CRCL,123,9.1183,4
2026-07-15,CNMD,124,9.0599,5
2026-07-15,ENVX,125,9.0289,4
2026-07-15,S,126,9.0157,3
2026-07-15,NN,127,8.9973,3
2026-07-15,OKTA,128,8.9745,3
2026-07-15,WYFI,129,8.9708,4
2026-07-15,RIOT,130,8.8752,3
2026-07-15,PRCH,131,8.8372,3
2026-07-15,NG,132,8.7579,4
2026-07-15,KEEL,133,8.6967,4
2026-07-15,RCAT,134,8.6706,3
2026-07-15,NTRA,135,8.6478,3
2026-07-15,RLAY,136,8.6091,3
2026-07-15,ACLS,137,8.5883,4
2026-07-15,AYI,138,8.5779,5
2026-07-15,TDOC,139,8.5666,3
2026-07-15,VKTX,140,8.5562,3
2026-07-15,BBIO,141,8.5449,4
2026-07-15,FOXA,142,8.4873,4
2026-07-15,CLSK,143,8.4867,4
2026-07-15,PRCT,144,8.4446,3
2026-07-15,CDNA,145,8.4378,3
2026-07-15,STRL,146,8.4355,4
2026-07-15,AA,147,8.4341,3
2026-07-15,CENX,148,8.4156,3
2026-07-15,FIG,149,8.4048,3
2026-07-15,XENE,150,8.3896,3
2026-07-16,CRNX,1,66.7465,5
2026-07-16,DFTX,2,38.3305,5
2026-07-16,ATAI,3,33.8266,6
2026-07-16,TRAX,4,32.968,3
2026-07-16,QURE,5,31.0955,5
2026-07-16,APGE,6,28.4673,5
2026-07-16,CDNA,7,25.838,5
2026-07-16,MAN,8,22.6781,5
2026-07-16,ABVX,9,21.1055,5
2026-07-16,GRPN,10,19.5182,3
2026-07-16,BFLY,11,18.5681,5
2026-07-16,AXTI,12,17.5095,4
2026-07-16,BWIN,13,17.4617,5
2026-07-16,PSNL,14,16.9965,4
2026-07-16,SLS,15,16.9529,4
2026-07-16,IONS,16,16.7346,6
2026-07-16,NTSK,17,15.9475,3
2026-07-16,AEHR,18,15.7662,5
2026-07-16,NVTS,19,14.8999,4
2026-07-16,QDEL,20,14.5817,5
2026-07-16,PYPL,21,14.5789,6
2026-07-16,MBX,22,14.5259,4
2026-07-16,PBF,23,14.4602,3
2026-07-16,IREN,24,14.399,4
2026-07-16,AMPL,25,14.051,4
2026-07-16,AAOI,26,14.0077,4
2026-07-16,PTRN,27,13.9669,3
2026-07-16,ZBIO,28,13.9542,3
2026-07-16,SNDK,29,13.844,5
2026-07-16,FLNC,30,13.842,4
2026-07-16,DMRA,31,13.7943,3
2026-07-16,GSHD,32,13.774,3
2026-07-16,LEGN,33,13.6859,4
2026-07-16,ON,34,13.6257,5
2026-07-16,WULF,35,13.551,4
2026-07-16,LCID,36,13.4987,5
2026-07-16,IBM,37,13.4379,6
2026-07-16,TENB,38,13.4115,3
2026-07-16,LUNR,39,13.3477,3
2026-07-16,DAVE,40,13.2599,3
2026-07-16,RXT,41,13.0591,4
2026-07-16,RKLB,42,13.0405,4
2026-07-16,TECH,43,12.9067,5
2026-07-16,ASTS,44,12.8922,4
2026-07-16,EOSE,45,12.8205,4
2026-07-16,NBIS,46,12.7588,4
2026-07-16,FLY,47,12.737,3
2026-07-16,KYMR,48,12.5998,5
2026-07-16,CCC,49,12.4815,4
2026-07-16,VSH,50,12.4143,4
2026-07-16,PAY,51,12.3359,3
2026-07-16,HQ,52,12.3127,4
2026-07-16,FRVO,53,12.3111,4
2026-07-16,TE,54,12.3002,4
2026-07-16,RDW,55,12.2362,3
2026-07-16,WOLF,56,12.1835,4
2026-07-16,WEN,57,12.176,5
2026-07-16,MLKN,58,12.1439,3
2026-07-16,ABSI,59,12.0096,4
2026-07-16,PRIM,60,11.9574,4
2026-07-16,YSS,61,11.8571,3
2026-07-16,POET,62,11.8436,3
2026-07-16,CLSK,63,11.8116,5
2026-07-16,CRCL,64,11.7338,4
2026-07-16,VRNS,65,11.6823,3
2026-07-16,AEVA,66,11.6632,3
2026-07-16,AMPX,67,11.6417,3
2026-07-16,CERT,68,11.5757,3
2026-07-16,QLYS,69,11.5408,3
2026-07-16,MRVL,70,11.5141,4
2026-07-16,GLXY,71,11.4955,4
2026-07-16,FORM,72,11.4895,5
2026-07-16,FPS,73,11.4145,4
2026-07-16,TTMI,74,11.3409,4
2026-07-16,VECO,75,11.3345,4
2026-07-16,EPC,76,11.3183,5
2026-07-16,BRUN,77,11.2526,4
2026-07-16,MRVI,78,11.2385,3
2026-07-16,AIP,79,11.2354,5
2026-07-16,OUST,80,11.1841,5
2026-07-16,BW,81,11.1757,3
2026-07-16,ENVX,82,11.1539,4
2026-07-16,CAPR,83,11.1358,4
2026-07-16,SOLS,84,11.1214,4
2026-07-16,APLD,85,11.0522,3
2026-07-16,PNR,86,11.0458,6
2026-07-16,ENOV,87,11.044,4
2026-07-16,CNMD,88,11.0398,5
2026-07-16,VOYG,89,11.0368,3
2026-07-16,TXG,90,10.9988,3
2026-07-16,IONQ,91,10.9855,3
2026-07-16,PARR,92,10.9683,3
2026-07-16,PRGS,93,10.9018,3
2026-07-16,ARM,94,10.8942,4
2026-07-16,TCBK,95,10.8327,5
2026-07-16,WDFC,96,10.8005,6
2026-07-16,DOCN,97,10.7747,4
2026-07-16,PURR,98,10.6919,4
2026-07-16,BTDR,99,10.6835,3
2026-07-16,RCAT,100,10.6165,3
2026-07-16,NEO,101,10.6047,4
2026-07-16,NRIX,102,10.5254,3
2026-07-16,INFQ,103,10.4778,3
2026-07-16,CRWV,104,10.441,4
2026-07-16,BILL,105,10.4125,3
2026-07-16,BRBR,106,10.3968,3
2026-07-16,FOUR,107,10.3782,3
2026-07-16,BE,108,10.3557,4
2026-07-16,NSP,109,10.3447,3
2026-07-16,DK,110,10.2837,3
2026-07-16,RIOT,111,10.2768,3
2026-07-16,UUUU,112,10.2314,4
2026-07-16,VICR,113,10.2159,4
2026-07-16,BAND,114,10.2156,3
2026-07-16,AMC,115,10.1983,5
2026-07-16,INOD,116,10.1736,3
2026-07-16,NG,117,10.1567,3
2026-07-16,XE,118,10.0365,3
2026-07-16,COHR,119,9.9921,4
2026-07-16,OMDA,120,9.9897,3
2026-07-16,RUM,121,9.9494,4
2026-07-16,INTA,122,9.9323,3
2026-07-16,WDC,123,9.9157,4
2026-07-16,AVAV,124,9.8627,4
2026-07-16,KEEL,125,9.7699,4
2026-07-16,RGTI,126,9.7697,3
2026-07-16,CIFR,127,9.7624,4
2026-07-16,HYMC,128,9.673,3
2026-07-16,PCT,129,9.6546,3
2026-07-16,LAC,130,9.5993,3
2026-07-16,ERIC,131,9.5612,6
2026-07-16,NAVN,132,9.559,3
2026-07-16,USAR,133,9.5523,4
2026-07-16,ACLS,134,9.5336,4
2026-07-16,COMP,135,9.4733,3
2026-07-16,S,136,9.3606,3
2026-07-16,FIG,137,9.335,3
2026-07-16,ERAS,138,9.3262,3
2026-07-16,UCTT,139,9.3077,5
2026-07-16,OKLO,140,9.2201,3
2026-07-16,PL,141,9.1973,3
2026-07-16,MU,142,9.1593,4
2026-07-16,QBTS,143,9.1558,3
2026-07-16,STX,144,9.1501,4
2026-07-16,PPTA,145,9.1366,3
2026-07-16,SGML,146,9.1094,3
2026-07-16,AGI,147,9.1071,4
2026-07-16,FA,148,9.0295,3
2026-07-16,UGP,149,9.0292,3
2026-07-16,AYI,150,9.0216,5
2026-07-17,CRNX,1,67.0232,5
2026-07-17,FBRX,2,58.7646,4
2026-07-17,DFTX,3,37.9095,5
2026-07-17,TRAX,4,35.7176,3
2026-07-17,QURE,5,31.7039,4
2026-07-17,ATAI,6,31.2951,6
2026-07-17,APGE,7,28.9845,5
2026-07-17,CDNA,8,26.7965,5
2026-07-17,MAN,9,23.3977,6
2026-07-17,SLS,10,22.8547,4
2026-07-17,ABVX,11,21.2045,5
2026-07-17,LCID,12,20.0977,5
2026-07-17,GRPN,13,19.1689,3
2026-07-17,PSNL,14,17.0863,4
2026-07-17,ZBIO,15,16.9174,3
2026-07-17,BFLY,16,16.8544,5
2026-07-17,MBX,17,16.5326,4
2026-07-17,PBF,18,15.9726,3
2026-07-17,AXTI,19,15.5899,4
2026-07-17,IONS,20,15.4529,5
2026-07-17,NTSK,21,15.4462,3
2026-07-17,BWIN,22,15.3478,4
2026-07-17,AEHR,23,15.0393,5
2026-07-17,IBM,24,14.482,6
2026-07-17,NVTS,25,14.4677,4
2026-07-17,DMRA,26,14.4602,3
2026-07-17,TENB,27,14.4262,3
2026-07-17,ABSI,28,14.3691,5
2026-07-17,DAVE,29,14.1577,3
2026-07-17,IREN,30,14.1519,4
2026-07-17,QDEL,31,14.1512,5
2026-07-17,FLNC,32,13.8231,4
2026-07-17,SNDK,33,13.7268,5
2026-07-17,PTRN,34,13.5846,3
2026-07-17,AMC,35,13.1132,5
2026-07-17,YSS,36,13.0664,3
2026-07-17,PYPL,37,12.9896,5
2026-07-17,ORKA,38,12.9633,4
2026-07-17,WULF,39,12.9448,4
2026-07-17,LEGN,40,12.9046,4
2026-07-17,ON,41,12.7896,5
2026-07-17,WEN,42,12.7378,5
2026-07-17,PRIM,43,12.6768,4
2026-07-17,HQ,44,12.6225,4
2026-07-17,PARR,45,12.5349,3
2026-07-17,KYMR,46,12.5088,5
2026-07-17,EPC,47,12.4756,5
2026-07-17,EOSE,48,12.3968,4
2026-07-17,PNR,49,12.3534,6
2026-07-17,ERAS,50,12.304,3
2026-07-17,AAOI,51,12.255,4
2026-07-17,TECH,52,12.252,4
2026-07-17,RXT,53,12.2464,3
2026-07-17,NBIS,54,12.2256,4
2026-07-17,BAND,55,12.1378,3
2026-07-17,RKLB,56,12.1129,4
2026-07-17,GSHD,57,12.104,3
2026-07-17,QLYS,58,12.0949,3
2026-07-17,CRWV,59,12.0366,4
2026-07-17,VRNS,60,11.9584,3
2026-07-17,MLKN,61,11.8965,3
2026-07-17,TE,62,11.8478,4
2026-07-17,NSP,63,11.8185,3
2026-07-17,MRVI,64,11.742,3
2026-07-17,LUNR,65,11.7394,3
2026-07-17,DK,66,11.6134,3
2026-07-17,WOLF,67,11.6104,4
2026-07-17,PVLA,68,11.5097,3
2026-07-17,APLD,69,11.4953,3
2026-07-17,BW,70,11.4806,3
2026-07-17,CLSK,71,11.4747,5
2026-07-17,INOD,72,11.4691,3
2026-07-17,BTDR,73,11.4561,3
2026-07-17,GLXY,74,11.4285,4
2026-07-17,NAVN,75,11.4201,3
2026-07-17,PAY,76,11.3843,3
2026-07-17,SION,77,11.2975,3
2026-07-17,FLY,78,11.25,3
2026-07-17,VSH,79,11.2174,4
2026-07-17,ASTS,80,11.1817,4
2026-07-17,POET,81,11.1575,3
2026-07-17,CCC,82,11.1253,4
2026-07-17,TCBK,83,11.0534,5
2026-07-17,NEO,84,11.0511,3
2026-07-17,TXG,85,11.0386,3
2026-07-17,BRBR,86,11.0357,3
2026-07-17,ISRG,87,10.9154,6
2026-07-17,FIG,88,10.8645,3
2026-07-17,NG,89,10.8354,3
2026-07-17,FPS,90,10.8294,4
2026-07-17,KEEL,91,10.7352,4
2026-07-17,TTMI,92,10.7028,4
2026-07-17,NRIX,93,10.6508,3
2026-07-17,RDW,94,10.6502,3
2026-07-17,CRCL,95,10.6033,4
2026-07-17,GLUE,96,10.5842,3
2026-07-17,OMDA,97,10.5842,3
2026-07-17,AVTX,98,10.5568,3
2026-07-17,PRGS,99,10.5242,3
2026-07-17,AIP,100,10.4958,5
2026-07-17,VECO,101,10.4765,4
2026-07-17,RIOT,102,10.458,3
2026-07-17,EQPT,103,10.4106,4
2026-07-17,WDC,104,10.4093,4
2026-07-17,MPLT,105,10.3877,3
2026-07-17,FORM,106,10.3704,5
2026-07-17,PURR,107,10.3345,3
2026-07-17,UUUU,108,10.3038,4
2026-07-17,BRUN,109,10.3002,4
2026-07-17,FRVO,110,10.2729,4
2026-07-17,SOLS,111,10.2711,4
2026-07-17,JBIO,112,10.2651,3
2026-07-17,CAPR,113,10.2571,4
2026-07-17,CHYM,114,10.1896,3
2026-07-17,CIFR,115,10.1853,4
2026-07-17,BILL,116,10.1578,3
2026-07-17,IOVA,117,10.1181,3
2026-07-17,ADPT,118,10.0862,4
2026-07-17,AMPX,119,10.0732,3
2026-07-17,ARM,120,10.0714,4
2026-07-17,AVAV,121,10.0611,4
2026-07-17,XE,122,10.0358,3
2026-07-17,DOCN,123,9.9981,4
2026-07-17,MRVL,124,9.9812,4
2026-07-17,IONQ,125,9.9717,3
2026-07-17,AEVA,126,9.9669,3
2026-07-17,BE,127,9.8682,4
2026-07-17,FA,128,9.8221,3
2026-07-17,GPRE,129,9.7964,3
2026-07-17,BHVN,130,9.7729,4
2026-07-17,ENVX,131,9.7694,4
2026-07-17,VICR,132,9.6981,4
2026-07-17,FRMI,133,9.5186,4
2026-07-17,OKTA,134,9.5025,3
2026-07-17,CLMT,135,9.485,3
2026-07-17,DNTH,136,9.4554,3
2026-07-17,UGP,137,9.4543,3
2026-07-17,S,138,9.4514,3
2026-07-17,VIA,139,9.4479,3
2026-07-17,INTA,140,9.3133,3
2026-07-17,AGI,141,9.2964,4
2026-07-17,VOYG,142,9.2706,3
2026-07-17,RHI,143,9.263,3
2026-07-17,GWRE,144,9.2513,3
2026-07-17,PANW,145,9.1867,3
2026-07-17,BJRI,146,9.1689,3
2026-07-17,ATEX,147,9.1618,3
2026-07-17,VSAT,148,9.1131,4
2026-07-17,ERIC,149,9.1078,6
2026-07-17,AMKR,150,9.0754,4
2026-07-20,CRNX,1,65.5954,5
2026-07-20,DFTX,2,35.7323,5
2026-07-20,TRAX,3,33.001,3
2026-07-20,ATAI,4,31.8025,6
2026-07-20,APGE,5,27.4311,5
2026-07-20,CDNA,6,25.7043,6
2026-07-20,MAN,7,23.823,6
2026-07-20,GRPN,8,20.5487,3
2026-07-20,SLS,9,19.0908,4
2026-07-20,ABVX,10,18.824,5
2026-07-20,LCID,11,17.8886,5
2026-07-20,PBF,12,17.8045,3
2026-07-20,BWIN,13,17.6182,4
2026-07-20,AEHR,14,17.5083,5
2026-07-20,ZBIO,15,17.4612,3
2026-07-20,GSHD,16,16.4391,3
2026-07-20,IONS,17,16.4222,5
2026-07-20,NTSK,18,16.0619,3
2026-07-20,DAVE,19,15.4218,3
2026-07-20,BFLY,20,15.2971,4
2026-07-20,RXT,21,14.8621,3
2026-07-20,AXTI,22,14.8444,4
2026-07-20,QDEL,23,14.7783,5
2026-07-20,NVTS,24,14.7083,4
2026-07-20,DMRA,25,14.5629,3
2026-07-20,CCC,26,14.477,4
2026-07-20,EOSE,27,14.2641,4
2026-07-20,PYPL,28,14.2052,5
2026-07-20,IBM,29,14.0655,6
2026-07-20,PARR,30,14.0177,3
2026-07-20,FLNC,31,13.5258,4
2026-07-20,DK,32,13.5237,3
2026-07-20,WOLF,33,13.3157,4
2026-07-20,MBX,34,13.2678,4
2026-07-20,NBIS,35,13.2372,4
2026-07-20,RKLB,36,13.1133,4
2026-07-20,YSS,37,12.5539,3
2026-07-20,PAY,38,12.5331,3
2026-07-20,VRNS,39,12.533,3
2026-07-20,TECH,40,12.4579,4
2026-07-20,LEGN,41,12.4443,4
2026-07-20,WULF,42,12.3867,4
2026-07-20,TENB,43,12.3246,3
2026-07-20,PRIM,44,12.2439,4
2026-07-20,ON,45,12.1835,5
2026-07-20,IREN,46,12.1583,4
2026-07-20,TE,47,12.1535,4
2026-07-20,SNDK,48,12.1423,4
2026-07-20,ASTS,49,12.1319,4
2026-07-20,FPS,50,12.1042,4
2026-07-20,AAOI,51,12.038,4
2026-07-20,CRWV,52,12.0071,4
2026-07-20,PNR,53,11.9947,6
2026-07-20,ABSI,54,11.98,4
2026-07-20,WEN,55,11.9515,5
2026-07-20,EQPT,56,11.8803,4
2026-07-20,BILL,57,11.874,3
2026-07-20,COTY,58,11.7887,3
2026-07-20,BE,59,11.7782,4
2026-07-20,QLYS,60,11.6937,3
2026-07-20,CAPR,61,11.6502,4
2026-07-20,FA,62,11.6273,3
2026-07-20,VSH,63,11.5639,4
2026-07-20,CLBK,64,11.5423,3
2026-07-20,FRMI,65,11.4512,4
2026-07-20,PSNL,66,11.412,4
2026-07-20,RDW,67,11.3901,3
2026-07-20,BW,68,11.3627,3
2026-07-20,SOLS,69,11.3335,4
2026-07-20,VECO,70,11.3157,4
2026-07-20,FRVO,71,11.2231,4
2026-07-20,AIP,72,11.1279,5
2026-07-20,BAND,73,11.1137,3
2026-07-20,FLY,74,11.0928,3
2026-07-20,EPC,75,11.0813,5
2026-07-20,LUNR,76,11.0546,3
2026-07-20,ARM,77,11.0189,4
2026-07-20,NSP,78,11.0184,3
2026-07-20,WDC,79,10.9999,4
2026-07-20,TTMI,80,10.998,4
2026-07-20,PTRN,81,10.9828,3
2026-07-20,ORKA,82,10.9049,4
2026-07-20,ACHC,83,10.9003,2
2026-07-20,PRGS,84,10.8627,3
2026-07-20,BRUN,85,10.8241,4
2026-07-20,HUBS,86,10.7048,4
2026-07-20,INTA,87,10.6908,3
2026-07-20,AEVA,88,10.687,3
2026-07-20,GWRE,89,10.6863,3
2026-07-20,INOD,90,10.668,3
2026-07-20,VICR,91,10.6613,4
2026-07-20,CNMD,92,10.639,4
2026-07-20,USAR,93,10.625,4
2026-07-20,KVYO,94,10.5628,3
2026-07-20,FORM,95,10.5255,5
2026-07-20,DOCN,96,10.5062,4
2026-07-20,BTDR,97,10.4913,3
2026-07-20,RH,98,10.4644,3
2026-07-20,NG,99,10.448,3
2026-07-20,OMDA,100,10.4,3
2026-07-20,NEO,101,10.3504,3
2026-07-20,APLD,102,10.3361,3
2026-07-20,POET,103,10.3196,3
2026-07-20,CHYM,104,10.2898,3
2026-07-20,MRVL,105,10.2611,4
2026-07-20,VOYG,106,10.2506,3
2026-07-20,UUUU,107,10.2065,4
2026-07-20,FOUR,108,10.1775,3
2026-07-20,FIVN,109,10.1721,3
2026-07-20,KYMR,110,10.1488,5
2026-07-20,AVAV,111,10.1162,4
2026-07-20,TXG,112,10.0481,3
2026-07-20,ISRG,113,10.0333,6
2026-07-20,OKTA,114,10.0301,3
2026-07-20,IONQ,115,10.015,3
2026-07-20,GLXY,116,10.0021,4
2026-07-20,ERAS,117,9.9623,3
2026-07-20,SHAZ,118,9.892,4
2026-07-20,BRBR,119,9.8394,3
2026-07-20,NRIX,120,9.7746,3
2026-07-20,ENOV,121,9.6948,4
2026-07-20,AMPX,122,9.6348,3
2026-07-20,S,123,9.5864,3
2026-07-20,FIG,124,9.577,3
2026-07-20,AMC,125,9.5764,4
2026-07-20,OUST,126,9.5491,5
2026-07-20,XE,127,9.4761,3
2026-07-20,SEI,128,9.4641,4
2026-07-20,UCTT,129,9.4344,5
2026-07-20,CRCL,130,9.4173,4
2026-07-20,CLSK,131,9.4163,5
2026-07-20,AMKR,132,9.3451,4
2026-07-20,KEEL,133,9.3148,4
2026-07-20,RHI,134,9.3025,3
2026-07-20,HTFL,135,9.2893,3
2026-07-20,ACLS,136,9.287,4
2026-07-20,RCAT,137,9.1956,3
2026-07-20,PCT,138,9.1888,3
2026-07-20,BRZE,139,9.1798,3
2026-07-20,PURR,140,9.1589,3
2026-07-20,IOVA,141,9.1508,3
2026-07-20,INFQ,142,9.1393,3
2026-07-20,RIOT,143,9.1266,3
2026-07-20,BJRI,144,9.0677,3
2026-07-20,NTLA,145,9.0596,3
2026-07-20,COHU,146,9.053,5
2026-07-20,AGI,147,8.987,4
2026-07-20,VIA,148,8.9806,3
2026-07-20,STX,149,8.9638,4
2026-07-20,UGP,150,8.9496,3
2026-07-21,CRNX,1,65.2103,5
2026-07-21,UTZ,2,58.7237,6
2026-07-21,FBRX,3,58.2134,4
2026-07-21,TRAX,4,35.6965,3
2026-07-21,DFTX,5,35.446,4
2026-07-21,ATAI,6,31.3048,6
2026-07-21,APGE,7,24.5264,4
2026-07-21,MAN,8,23.6341,6
2026-07-21,SNEX,9,23.3456,5
2026-07-21,CDNA,10,21.4352,6
2026-07-21,ABVX,11,19.6014,5
2026-07-21,PBF,12,19.4648,3
2026-07-21,SLS,13,18.7405,4
2026-07-21,CLBK,14,16.8569,3
2026-07-21,ZBIO,15,16.8471,3
2026-07-21,IONS,16,16.4033,5
2026-07-21,DK,17,15.5031,3
2026-07-21,PARR,18,15.0242,3
2026-07-21,LCID,19,14.898,4
2026-07-21,DMRA,20,14.7013,3
2026-07-21,NVTS,21,14.2636,4
2026-07-21,PYPL,22,14.2185,6
2026-07-21,AMC,23,14.1407,5
2026-07-21,NTSK,24,14.1341,3
2026-07-21,RXT,25,13.927,3
2026-07-21,AEHR,26,13.8857,5
2026-07-21,EOSE,27,13.7174,4
2026-07-21,WOLF,28,13.6101,4
2026-07-21,CCC,29,13.4188,4
2026-07-21,FLNC,30,13.2824,4
2026-07-21,IOVA,31,13.0883,4
2026-07-21,SNDK,32,12.7288,5
2026-07-21,ON,33,12.5987,5
2026-07-21,TE,34,12.4735,4
2026-07-21,IREN,35,12.3766,4
2026-07-21,EQPT,36,12.3618,4
2026-07-21,PNR,37,12.3416,6
2026-07-21,WULF,38,12.3086,4
2026-07-21,YSS,39,12.287,3
2026-07-21,PAY,40,12.2658,3
2026-07-21,VICR,41,12.2121,4
2026-07-21,RKLB,42,12.1746,4
2026-07-21,QDEL,43,12.039,4
2026-07-21,GSHD,44,12.0083,3
2026-07-21,ATEX,45,11.9457,3
2026-07-21,MBX,46,11.9332,4
2026-07-21,CAPR,47,11.8652,4
2026-07-21,PRIM,48,11.8362,4
2026-07-21,BE,49,11.8214,4
2026-07-21,WEN,50,11.8024,5
2026-07-21,ABSI,51,11.7413,4
2026-07-21,VSH,52,11.7155,4
2026-07-21,DAVE,53,11.7147,3
2026-07-21,FPS,54,11.7101,4
2026-07-21,FRMI,55,11.649,4
2026-07-21,NSP,56,11.6343,3
2026-07-21,COTY,57,11.5743,3
2026-07-21,ERAS,58,11.5434,3
2026-07-21,BAND,59,11.5211,3
2026-07-21,SOLS,60,11.4495,5
2026-07-21,AXTI,61,11.3834,4
2026-07-21,PRGS,62,11.282,3
2026-07-21,VRNS,63,11.2701,3
2026-07-21,IBM,64,11.2608,5
2026-07-21,CRWV,65,10.9829,4
2026-07-21,ORKA,66,10.9478,4
2026-07-21,VOR,67,10.8775,3
2026-07-21,BILL,68,10.8736,3
2026-07-21,USAR,69,10.8342,4
2026-07-21,BWIN,70,10.8175,4
2026-07-21,BW,71,10.7451,3
2026-07-21,NBIS,72,10.7161,4
2026-07-21,VECO,73,10.7115,4
2026-07-21,ARM,74,10.6173,4
2026-07-21,TECH,75,10.595,4
2026-07-21,ENVX,76,10.5481,4
2026-07-21,ISRG,77,10.547,6
2026-07-21,LWLG,78,10.4729,4
2026-07-21,TTMI,79,10.45,4
2026-07-21,MRVL,80,10.3428,4
2026-07-21,FORM,81,10.3328,5
2026-07-21,KYMR,82,10.2412,5
2026-07-21,LUNR,83,10.2092,3
2026-07-21,GWRE,84,10.1827,3
2026-07-21,TXG,85,10.1648,3
2026-07-21,WYFI,86,10.1512,4
2026-07-21,BRUN,87,10.0798,4
2026-07-21,TENB,88,10.0226,4
2026-07-21,AIP,89,10.0132,5
2026-07-21,IONQ,90,9.9578,3
2026-07-21,RDW,91,9.9053,3
2026-07-21,KVYO,92,9.8812,3
2026-07-21,ACHC,93,9.8626,2
2026-07-21,BRBR,94,9.862,3
2026-07-21,NRIX,95,9.8527,3
2026-07-21,AOSL,96,9.8109,4
2026-07-21,FLY,97,9.7819,3
2026-07-21,WDC,98,9.7288,4
2026-07-21,LASR,99,9.6842,4
2026-07-21,AMPX,100,9.6678,3
2026-07-21,EPC,101,9.536,5
2026-07-21,FIVN,102,9.5169,3
2026-07-21,RHI,103,9.5055,3
2026-07-21,INTA,104,9.4839,3
2026-07-21,APLD,105,9.4796,3
2026-07-21,GLXY,106,9.4693,4
2026-07-21,AEVA,107,9.4661,3
2026-07-21,AVAV,108,9.4652,4
2026-07-21,DINO,109,9.4134,2
2026-07-21,BFLY,110,9.3926,3
2026-07-21,FRVO,111,9.3741,4
2026-07-21,MRVI,112,9.3641,3
2026-07-21,ASTS,113,9.2928,4
2026-07-21,ETON,114,9.2882,3
2026-07-21,HTFL,115,9.2862,3
2026-07-21,AAOI,116,9.2641,4
2026-07-21,FA,117,9.2221,3
2026-07-21,CLMT,118,9.218,2
2026-07-21,CBZ,119,9.1605,3
2026-07-21,QLYS,120,9.1518,3
2026-07-21,INOD,121,9.1389,3
2026-07-21,QTWO,122,9.096,3
2026-07-21,SHAZ,123,9.0582,4
2026-07-21,VSAT,124,9.0506,4
2026-07-21,HUBS,125,9.0451,4
2026-07-21,KEEL,126,8.9968,4
2026-07-21,CHYM,127,8.9919,3
2026-07-21,AMKR,128,8.9883,4
2026-07-21,ACLS,129,8.951,4
2026-07-21,PSNL,130,8.9454,4
2026-07-21,BTDR,131,8.9419,3
2026-07-21,NTLA,132,8.927,3
2026-07-21,PVLA,133,8.8897,3
2026-07-21,FOUR,134,8.8817,3
2026-07-21,POET,135,8.8287,3
2026-07-21,STAA,136,8.8124,5
2026-07-21,ALAB,137,8.81,4
2026-07-21,CNMD,138,8.7767,4
2026-07-21,PENG,139,8.6568,4
2026-07-21,UUUU,140,8.6086,3
2026-07-21,NG,141,8.5865,3
2026-07-21,LINC,142,8.5812,5
2026-07-21,COHU,143,8.5535,5
2026-07-21,VOYG,144,8.4693,3
2026-07-21,FCEL,145,8.449,4
2026-07-21,FUN,146,8.4265,3
2026-07-21,GFS,147,8.398,3
2026-07-21,BBIO,148,8.3637,4
2026-07-21,WDAY,149,8.3372,4
2026-07-21,NEO,150,8.3048,3
2026-07-22,CRNX,1,65.9956,5
2026-07-22,UTZ,2,61.0375,6
2026-07-22,WLFC,3,38.8817,5
2026-07-22,TRAX,4,34.2558,3
2026-07-22,ATAI,5,31.7081,6
2026-07-22,MAN,6,26.3434,6
2026-07-22,SNEX,7,23.3996,5
2026-07-22,CDNA,8,22.5087,6
2026-07-22,GRPN,9,20.554,4
2026-07-22,CLBK,10,18.6469,3
2026-07-22,ABVX,11,17.796,5
2026-07-22,IONS,12,16.5239,5
2026-07-22,PBF,13,16.0025,3
2026-07-22,QDEL,14,15.8044,4
2026-07-22,FLNC,15,14.4547,4
2026-07-22,PARR,16,14.3067,3
2026-07-22,TE,17,14.2661,4
2026-07-22,NVTS,18,14.195,4
2026-07-22,SLS,19,14.1852,4
2026-07-22,EOSE,20,13.9953,4
2026-07-22,RXT,21,13.9333,3
2026-07-22,ZBIO,22,13.8981,3
2026-07-22,ON,23,13.6208,5
2026-07-22,WEN,24,13.5766,5
2026-07-22,WOLF,25,13.5611,4
2026-07-22,AXTI,26,13.5086,4
2026-07-22,VICR,27,13.4927,4
2026-07-22,LCID,28,13.4683,4
2026-07-22,DK,29,13.4626,3
2026-07-22,BE,30,13.2225,4
2026-07-22,PAY,31,13.108,3
2026-07-22,CAPR,32,13.0831,4
2026-07-22,PYPL,33,12.8918,5
2026-07-22,PRIM,34,12.8249,4
2026-07-22,AEHR,35,12.8108,4
2026-07-22,PRGS,36,12.3603,3
2026-07-22,AMPL,37,12.3281,4
2026-07-22,EQPT,38,12.3009,4
2026-07-22,CCC,39,12.2817,4
2026-07-22,SNDK,40,12.2483,4
2026-07-22,WULF,41,12.2178,4
2026-07-22,AMC,42,12.1375,4
2026-07-22,WYFI,43,12.1367,4
2026-07-22,NSP,44,12.1239,3
2026-07-22,TECH,45,12.0597,4
2026-07-22,TXG,46,12.0241,3
2026-07-22,RHI,47,11.908,3
2026-07-22,IBM,48,11.8966,5
2026-07-22,FPS,49,11.8663,4
2026-07-22,COTY,50,11.8054,3
2026-07-22,SOLS,51,11.805,5
2026-07-22,YSS,52,11.5617,3
2026-07-22,AAOI,53,11.4975,4
2026-07-22,MLKN,54,11.4824,3
2026-07-22,VSH,55,11.4707,4
2026-07-22,LWLG,56,11.4293,4
2026-07-22,IREN,57,11.4249,4
2026-07-22,VRNS,58,11.3807,3
2026-07-22,CBZ,59,11.3537,3
2026-07-22,BW,60,11.2962,3
2026-07-22,FORM,61,11.1566,5
2026-07-22,DAVE,62,11.0682,3
2026-07-22,PAG,63,11.0603,6
2026-07-22,TTMI,64,11.0261,4
2026-07-22,AEVA,65,10.9757,3
2026-07-22,ENVX,66,10.9673,4
2026-07-22,RKLB,67,10.8785,4
2026-07-22,ISRG,68,10.8093,6
2026-07-22,INIO,69,10.7748,4
2026-07-22,NTSK,70,10.7566,3
2026-07-22,IONQ,71,10.7382,3
2026-07-22,FRMI,72,10.7343,4
2026-07-22,USAR,73,10.7117,4
2026-07-22,NBIS,74,10.6338,4
2026-07-22,OUST,75,10.5303,5
2026-07-22,AIP,76,10.48,5
2026-07-22,AOSL,77,10.3675,4
2026-07-22,VECO,78,10.3541,4
2026-07-22,PNR,79,10.2491,5
2026-07-22,AMPX,80,10.2206,3
2026-07-22,MBX,81,10.2064,4
2026-07-22,ABSI,82,10.205,3
2026-07-22,HTFL,83,10.1895,3
2026-07-22,LUNR,84,10.1857,3
2026-07-22,POET,85,10.1802,3
2026-07-22,BRUN,86,9.9744,4
2026-07-22,ATEX,87,9.9717,3
2026-07-22,MRVL,88,9.897,4
2026-07-22,KEEL,89,9.8215,4
2026-07-22,GWRE,90,9.8139,3
2026-07-22,ARM,91,9.6705,4
2026-07-22,BILL,92,9.6154,3
2026-07-22,CHYM,93,9.565,3
2026-07-22,GLW,94,9.5368,4
2026-07-22,TENB,95,9.5295,4
2026-07-22,AMKR,96,9.4814,4
2026-07-22,NTLA,97,9.4573,3
2026-07-22,ETON,98,9.437,3
2026-07-22,UCTT,99,9.3705,5
2026-07-22,FLY,100,9.3388,3
2026-07-22,GFS,101,9.3378,3
2026-07-22,VSAT,102,9.3224,4
2026-07-22,GLXY,103,9.3109,4
2026-07-22,MU,104,9.2389,4
2026-07-22,CRWV,105,9.2342,4
2026-07-22,QLYS,106,9.2161,3
2026-07-22,CRCL,107,9.1512,4
2026-07-22,MRVI,108,9.1413,3
2026-07-22,ALAB,109,9.1116,4
2026-07-22,COHU,110,9.0589,5
2026-07-22,WDC,111,9.0531,4
2026-07-22,VOR,112,9.0343,3
2026-07-22,RDW,113,9.0322,3
2026-07-22,FOUR,114,9.0273,3
2026-07-22,BAND,115,9.0102,3
2026-07-22,CNMD,116,8.9938,4
2026-07-22,SHAZ,117,8.9805,4
2026-07-22,RUN,118,8.963,4
2026-07-22,IOVA,119,8.9481,3
2026-07-22,APLD,120,8.9153,3
2026-07-22,INOD,121,8.8137,3
2026-07-22,TSEM,122,8.796,4
2026-07-22,COHR,123,8.7625,4
2026-07-22,BTDR,124,8.7064,3
2026-07-22,ACLS,125,8.6956,4
2026-07-22,ACHC,126,8.659,2
2026-07-22,AMSC,127,8.6303,4
2026-07-22,PURR,128,8.6296,3
2026-07-22,INTC,129,8.592,4
2026-07-22,ENOV,130,8.5607,4
2026-07-22,ERAS,131,8.5474,3
2026-07-22,EPC,132,8.5354,4
2026-07-22,GSHD,133,8.5336,3
2026-07-22,FRVO,134,8.4968,3
2026-07-22,HIMX,135,8.4935,4
2026-07-22,LASR,136,8.4568,4
2026-07-22,ERIC,137,8.452,5
2026-07-22,ENTG,138,8.4433,4
2026-07-22,KVYO,139,8.4072,3
2026-07-22,ENPH,140,8.3848,4
2026-07-22,QTWO,141,8.3745,3
2026-07-22,BEAM,142,8.3388,3
2026-07-22,CLMT,143,8.331,2
2026-07-22,SEI,144,8.3094,3
2026-07-22,ALGM,145,8.2884,5
2026-07-22,UUUU,146,8.2755,3
2026-07-22,DINO,147,8.2611,2
2026-07-22,KLAC,148,8.2158,5
2026-07-22,CRDO,149,8.1895,4
2026-07-22,STAA,150,8.1756,5
2026-07-23,CRNX,1,65.0667,5
2026-07-23,UTZ,2,60.177,6
2026-07-23,WLFC,3,39.3411,5
2026-07-23,TRAX,4,35.0848,3
2026-07-23,ATAI,5,28.563,5
2026-07-23,MAN,6,22.3091,5
2026-07-23,CDNA,7,21.1134,5
2026-07-23,ABVX,8,19.1741,5
2026-07-23,CLBK,9,18.876,3
2026-07-23,QDEL,10,16.8012,4
2026-07-23,IONS,11,15.977,5
2026-07-23,NVCR,12,15.814,4
2026-07-23,RXT,13,15.663,3
2026-07-23,ZBIO,14,14.3862,3
2026-07-23,WOLF,15,14.1454,4
2026-07-23,TXG,16,14.0075,3
2026-07-23,PARR,17,13.7142,3
2026-07-23,EOSE,18,13.4038,4
2026-07-23,IBM,19,13.2059,5
2026-07-23,PBF,20,13.1634,3
2026-07-23,SLS,21,12.7862,4
2026-07-23,TE,22,12.7839,3
2026-07-23,PYPL,23,12.7545,4
2026-07-23,NVTS,24,12.6912,3
2026-07-23,CAPR,25,12.4553,4
2026-07-23,BE,26,12.3374,4
2026-07-23,LBRT,27,12.3346,4
2026-07-23,ON,28,12.3301,5
2026-07-23,AEHR,29,12.2452,4
2026-07-23,DK,30,12.2227,3
2026-07-23,LCID,31,12.1244,4
2026-07-23,WULF,32,11.9455,4
2026-07-23,YSS,33,11.9314,3
2026-07-23,PAY,34,11.7327,3
2026-07-23,TECH,35,11.6747,4
2026-07-23,WYFI,36,11.5782,3
2026-07-23,MEDP,37,11.4661,4
2026-07-23,MBX,38,11.4287,4
2026-07-23,PAG,39,11.3758,6
2026-07-23,STM,40,11.3631,4
2026-07-23,SOLS,41,11.34,5
2026-07-23,WEN,42,11.2937,4
2026-07-23,IONQ,43,11.292,3
2026-07-23,ISRG,44,11.2602,6
2026-07-23,ACI,45,11.245,5
2026-07-23,CCC,46,11.2417,4
2026-07-23,AXTI,47,11.1857,4
2026-07-23,INFQ,48,11.1751,3
2026-07-23,FLNC,49,11.0541,4
2026-07-23,IREN,50,10.9648,4
2026-07-23,AEVA,51,10.8591,3
2026-07-23,PNR,52,10.7917,5
2026-07-23,FRMI,53,10.7247,4
2026-07-23,BRUN,54,10.633,4
2026-07-23,MLKN,55,10.5923,3
2026-07-23,FPS,56,10.4436,3
2026-07-23,RKLB,57,10.3668,4
2026-07-23,LUNR,58,10.3404,3
2026-07-23,HTFL,59,10.254,3
2026-07-23,VICR,60,10.2229,3
2026-07-23,ABSI,61,10.2214,3
2026-07-23,VSH,62,10.0983,4
2026-07-23,EROC,63,10.0627,3
2026-07-23,SNDK,64,9.7412,4
2026-07-23,PRGS,65,9.6892,3
2026-07-23,WEX,66,9.6668,3
2026-07-23,AOSL,67,9.6246,4
2026-07-23,COTY,68,9.6188,3
2026-07-23,TTMI,69,9.5869,3
2026-07-23,USAR,70,9.5594,3
2026-07-23,APLD,71,9.4569,3
2026-07-23,PEGA,72,9.4403,5
2026-07-23,AMPX,73,9.4171,3
2026-07-23,BW,74,9.4109,3
2026-07-23,FORM,75,9.3873,5
2026-07-23,NBIS,76,9.3282,4
2026-07-23,GSHD,77,9.2973,3
2026-07-23,LWLG,78,9.237,3
2026-07-23,CRCL,79,9.2317,4
2026-07-23,RUN,80,9.2154,4
2026-07-23,EQPT,81,9.1862,4
2026-07-23,PCT,82,9.1552,3
2026-07-23,QS,83,9.1326,3
2026-07-23,VECO,84,9.0962,3
2026-07-23,ETON,85,9.0817,3
2026-07-23,OUST,86,9.0567,4
2026-07-23,BTDR,87,9.0439,3
2026-07-23,CRWV,88,9.0313,4
2026-07-23,VSAT,89,9.0309,4
2026-07-23,GFS,90,8.9944,3
2026-07-23,ASTS,91,8.9804,4
2026-07-23,NTLA,92,8.935,3
2026-07-23,PENG,93,8.9285,5
2026-07-23,INOD,94,8.9168,3
2026-07-23,VG,95,8.9086,3
2026-07-23,ACHC,96,8.8085,2
2026-07-23,QBTS,97,8.7794,3
2026-07-23,CBZ,98,8.7691,3
2026-07-23,AMKR,99,8.7295,4
2026-07-23,RHI,100,8.7201,3
2026-07-23,POET,101,8.7026,3
2026-07-23,ERIC,102,8.6504,5
2026-07-23,INIO,103,8.587,3
2026-07-23,DAVE,104,8.5851,3
2026-07-23,KEEL,105,8.5669,3
2026-07-23,GLXY,106,8.5622,4
2026-07-23,STUB,107,8.4731,3
2026-07-23,AIP,108,8.472,4
2026-07-23,RGTI,109,8.4177,3
2026-07-23,BILL,110,8.3818,3
2026-07-23,CERT,111,8.3497,3
2026-07-23,VOR,112,8.3321,3
2026-07-23,SNEX,113,8.3127,4
2026-07-23,AMPL,114,8.3113,4
2026-07-23,AMC,115,8.2894,4
2026-07-23,FLY,116,8.2889,3
2026-07-23,ADPT,117,8.2813,3
2026-07-23,ERAS,118,8.2791,3
2026-07-23,STAA,119,8.2419,5
2026-07-23,QNT,120,8.212,3
2026-07-23,ENOV,121,8.203,4
2026-07-23,GLW,122,8.1995,4
2026-07-23,TSLA,123,8.1847,5
2026-07-23,NSP,124,8.1665,3
2026-07-23,MRVI,125,8.1453,3
2026-07-23,XE,126,8.1439,3
2026-07-23,OII,127,8.0947,3
2026-07-23,SEI,128,8.0926,3
2026-07-23,ATEX,129,8.0729,3
2026-07-23,NOK,130,8.069,3
2026-07-23,BLFS,131,8.0544,4
2026-07-23,CHYM,132,8.0479,3
2026-07-23,PL,133,7.9727,3
2026-07-23,NRIX,134,7.9687,3
2026-07-23,AAOI,135,7.9467,3
2026-07-23,UUUU,136,7.9266,3
2026-07-23,COHU,137,7.9246,5
2026-07-23,RDY,138,7.8135,4
2026-07-23,RDW,139,7.8052,3
2026-07-23,ULCC,140,7.7888,3
2026-07-23,AESI,141,7.7491,3
2026-07-23,MDA,142,7.7359,4
2026-07-23,DINO,143,7.7185,2
2026-07-23,DMRA,144,7.7164,3
2026-07-23,FRVO,145,7.6785,3
2026-07-23,CLMT,146,7.6715,2
2026-07-23,WIT,147,7.6692,3
2026-07-23,WDC,148,7.6511,4
2026-07-23,ALAB,149,7.6247,4
2026-07-23,BEAM,150,7.5807,3
2026-07-24,CRNX,1,64.6537,5
2026-07-24,FBRX,2,61.1474,4
2026-07-24,UTZ,3,57.9902,6
2026-07-24,WLFC,4,39.1311,5
2026-07-24,TRAX,5,35.3561,3
2026-07-24,ATAI,6,27.8395,5
2026-07-24,MAN,7,23.0478,5
2026-07-24,ABVX,8,19.8323,5
2026-07-24,CDNA,9,17.9011,5
2026-07-24,IONS,10,15.8633,5
2026-07-24,LBRT,11,15.3961,5
2026-07-24,RXT,12,14.9627,3
2026-07-24,BE,13,14.9617,4
2026-07-24,QDEL,14,14.9389,4
2026-07-24,WOLF,15,14.7487,4
2026-07-24,RNG,16,13.9733,4
2026-07-24,AEHR,17,13.7327,4
2026-07-24,ACI,18,13.5505,6
2026-07-24,TE,19,13.4204,3
2026-07-24,EOSE,20,13.341,4
2026-07-24,PBF,21,12.9943,3
2026-07-24,PARR,22,12.8878,3
2026-07-24,ON,23,12.7401,5
2026-07-24,CAPR,24,12.524,4
2026-07-24,WULF,25,12.4194,4
2026-07-24,IBM,26,12.278,5
2026-07-24,THC,27,12.225,5
2026-07-24,CLBK,28,12.059,3
2026-07-24,PYPL,29,12.0574,4
2026-07-24,SOLS,30,12.0343,5
2026-07-24,BRUN,31,11.8844,4
2026-07-24,FPS,32,11.8668,3
2026-07-24,STM,33,11.8086,4
2026-07-24,LCID,34,11.69,4
2026-07-24,NBIS,35,11.5304,4
2026-07-24,NVTS,36,11.4946,3
2026-07-24,NVCR,37,11.4304,5
2026-07-24,SNDK,38,11.4026,4
2026-07-24,AXTI,39,11.2544,4
2026-07-24,IREN,40,11.249,4
2026-07-24,OII,41,11.2179,3
2026-07-24,VICR,42,10.9825,3
2026-07-24,CCC,43,10.966,4
2026-07-24,FLNC,44,10.952,4
2026-07-24,PNR,45,10.9067,5
2026-07-24,ZBIO,46,10.8831,3
2026-07-24,HTFL,47,10.8342,3
2026-07-24,TTMI,48,10.8296,3
2026-07-24,PAG,49,10.6586,6
2026-07-24,FORM,50,10.6542,5
2026-07-24,WEX,51,10.65,4
2026-07-24,ABSI,52,10.6403,4
2026-07-24,IONQ,53,10.6168,3
2026-07-24,GLW,54,10.4096,4
2026-07-24,BW,55,10.3923,3
2026-07-24,COTY,56,10.381,3
2026-07-24,CRWV,57,10.3146,4
2026-07-24,SEI,58,10.2334,3
2026-07-24,DK,59,10.1921,3
2026-07-24,TECH,60,10.1739,4
2026-07-24,POET,61,10.17,3
2026-07-24,AIP,62,10.1668,4
2026-07-24,VSH,63,10.1329,4
2026-07-24,BTDR,64,10.1251,3
2026-07-24,PAY,65,10.0578,3
2026-07-24,INFQ,66,10.0332,3
2026-07-24,CERT,67,9.9999,3
2026-07-24,GFS,68,9.9857,3
2026-07-24,UMC,69,9.9839,4
2026-07-24,RKLB,70,9.9778,4
2026-07-24,ALAB,71,9.9049,4
2026-07-24,CBZ,72,9.8829,3
2026-07-24,PENG,73,9.8712,5
2026-07-24,NTLA,74,9.8348,3
2026-07-24,AAOI,75,9.8236,3
2026-07-24,USAR,76,9.7656,3
2026-07-24,LUNR,77,9.7389,3
2026-07-24,TXG,78,9.73,3
2026-07-24,APLD,79,9.7056,3
2026-07-24,ISRG,80,9.6805,5
2026-07-24,SLS,81,9.625,4
2026-07-24,VOR,82,9.6225,3
2026-07-24,EROC,83,9.5668,3
2026-07-24,YSS,84,9.4778,3
2026-07-24,GSHD,85,9.428,3
2026-07-24,AEVA,86,9.3508,3
2026-07-24,PRGS,87,9.3503,3
2026-07-24,COHR,88,9.3077,4
2026-07-24,KEEL,89,9.3031,3
2026-07-24,NOK,90,9.2695,3
2026-07-24,MBX,91,9.1855,4
2026-07-24,QS,92,9.1672,3
2026-07-24,FRVO,93,9.1113,3
2026-07-24,VECO,94,9.0977,3
2026-07-24,COHU,95,9.0924,5
2026-07-24,AMC,96,9.0499,4
2026-07-24,BILL,97,9.0273,3
2026-07-24,CELC,98,9.0206,4
2026-07-24,ENOV,99,8.9997,4
2026-07-24,AESI,100,8.9777,3
2026-07-24,OUST,101,8.9558,4
2026-07-24,INOD,102,8.94,3
2026-07-24,PCT,103,8.9208,3
2026-07-24,UCTT,104,8.8624,5
2026-07-24,VSAT,105,8.8506,4
2026-07-24,UUUU,106,8.8405,3
2026-07-24,VG,107,8.8375,3
2026-07-24,MEDP,108,8.788,4
2026-07-24,INIO,109,8.7652,3
2026-07-24,ACHC,110,8.7168,2
2026-07-24,GNRC,111,8.7127,3
2026-07-24,DMRA,112,8.6674,3
2026-07-24,BEAM,113,8.5905,3
2026-07-24,ASTS,114,8.5435,4
2026-07-24,MRVL,115,8.4638,3
2026-07-24,INTC,116,8.4567,3
2026-07-24,LEGN,117,8.4048,3
2026-07-24,STUB,118,8.3881,3
2026-07-24,AMPX,119,8.3786,3
2026-07-24,SNEX,120,8.378,4
2026-07-24,CLF,121,8.3661,5
2026-07-24,ROL,122,8.2962,6
2026-07-24,GLXY,123,8.286,4
2026-07-24,TSLA,124,8.2449,5
2026-07-24,RDY,125,8.2165,4
2026-07-24,WDC,126,8.1945,4
2026-07-24,GWRE,127,8.1911,3
2026-07-24,ENPH,128,8.1429,4
2026-07-24,TSHA,129,8.127,3
2026-07-24,ERIC,130,8.1021,5
2026-07-24,AMKR,131,8.0928,4
2026-07-24,STAA,132,8.0715,4
2026-07-24,PL,133,8.0305,3
2026-07-24,QBTS,134,8.0281,3
2026-07-24,PEGA,135,8.0205,4
2026-07-24,MP,136,8.0057,3
2026-07-24,CRCL,137,7.9771,4
2026-07-24,QNT,138,7.9668,3
2026-07-24,MDA,139,7.9408,4
2026-07-24,OKLO,140,7.9368,3
2026-07-24,ERAS,141,7.9301,3
2026-07-24,MXL,142,7.9158,4
2026-07-24,CDNL,143,7.9059,3
2026-07-24,XE,144,7.8804,3
2026-07-24,JOBY,145,7.879,3
2026-07-24,MTSI,146,7.8723,3
2026-07-24,AMPL,147,7.8237,4
2026-07-24,ARM,148,7.8195,3
2026-07-24,DIOD,149,7.7698,4
2026-07-24,SHAZ,150,7.7582,3
2026-07-27,CRNX,1,64.8791,5
2026-07-27,UTZ,2,58.643,6
2026-07-27,TRAX,3,47.4252,4
2026-07-27,WLFC,4,38.7242,5
2026-07-27,SAFT,5,29.9668,6
2026-07-27,MAN,6,25.1052,5
2026-07-27,ATAI,7,23.9566,5
2026-07-27,ABVX,8,20.6408,5
2026-07-27,RNG,9,19.5394,4
2026-07-27,CDNA,10,17.3331,5
2026-07-27,QDEL,11,16.6788,4
2026-07-27,LBRT,12,16.2215,5
2026-07-27,IONS,13,15.906,5
2026-07-27,THC,14,14.9701,5
2026-07-27,PBF,15,14.135,3
2026-07-27,SNDK,16,13.9785,4
2026-07-27,AEHR,17,13.9461,4
2026-07-27,ZBIO,18,13.8127,3
2026-07-27,AMC,19,13.7319,4
2026-07-27,LEGN,20,13.704,4
2026-07-27,BE,21,13.6682,4
2026-07-27,WOLF,22,13.5512,3
2026-07-27,TE,23,13.4149,3
2026-07-27,GSHD,24,13.3053,4
2026-07-27,PAY,25,13.2819,3
2026-07-27,CBZ,26,13.1279,4
2026-07-27,ACI,27,12.8759,6
2026-07-27,EOSE,28,12.589,4
2026-07-27,LCID,29,12.5748,4
2026-07-27,GWRE,30,12.5746,4
2026-07-27,BW,31,12.4981,4
2026-07-27,WULF,32,12.4663,4
2026-07-27,COTY,33,12.4102,3
2026-07-27,BRUN,34,12.3687,3
2026-07-27,CERT,35,12.3266,4
2026-07-27,VICR,36,12.3116,4
2026-07-27,GLW,37,12.2816,4
2026-07-27,WIX,38,12.0711,4
2026-07-27,CCC,39,12.0225,4
2026-07-27,PARR,40,11.9043,3
2026-07-27,PYPL,41,11.9042,4
2026-07-27,SOLS,42,11.8717,5
2026-07-27,CLBK,43,11.694,3
2026-07-27,STM,44,11.6777,4
2026-07-27,BILL,45,11.6406,4
2026-07-27,MXL,46,11.5886,4
2026-07-27,TTMI,47,11.5842,3
2026-07-27,VSH,48,11.5804,4
2026-07-27,ON,49,11.4791,4
2026-07-27,NBIS,50,11.4503,4
2026-07-27,IBM,51,11.4436,5
2026-07-27,FIG,52,11.3887,3
2026-07-27,DK,53,11.3306,3
2026-07-27,AESI,54,11.2214,4
2026-07-27,INTA,55,11.1944,4
2026-07-27,FORM,56,11.1882,4
2026-07-27,FPS,57,11.1174,3
2026-07-27,COHU,58,11.0387,5
2026-07-27,SEI,59,11.0184,3
2026-07-27,IREN,60,10.8535,4
2026-07-27,PENG,61,10.7731,5
2026-07-27,HUBS,62,10.6903,4
2026-07-27,ENOV,63,10.6026,4
2026-07-27,PNR,64,10.5637,5
2026-07-27,AXTI,65,10.5345,4
2026-07-27,WDAY,66,10.519,4
2026-07-27,SBET,67,10.4959,3
2026-07-27,COHR,68,10.418,4
2026-07-27,ATRC,69,10.3864,4
2026-07-27,NTLA,70,10.3577,3
2026-07-27,VSAT,71,10.3455,4
2026-07-27,TECH,72,10.3253,4
2026-07-27,GFS,73,10.3152,3
2026-07-27,DJT,74,10.3086,3
2026-07-27,PAG,75,10.2837,6
2026-07-27,FLNC,76,10.2692,4
2026-07-27,PRGS,77,10.2475,3
2026-07-27,KVYO,78,10.1845,4
2026-07-27,VIA,79,10.1721,3
2026-07-27,ALAB,80,10.1647,4
2026-07-27,WEX,81,10.1496,3
2026-07-27,AMPL,82,10.1314,4
2026-07-27,VOR,83,10.0762,3
2026-07-27,NVTS,84,10.0591,3
2026-07-27,UCTT,85,10.0139,5
2026-07-27,VECO,86,9.99,3
2026-07-27,CRWV,87,9.9868,4
2026-07-27,TNET,88,9.9719,3
2026-07-27,UMC,89,9.9475,4
2026-07-27,AIP,90,9.9391,4
2026-07-27,MNDY,91,9.9251,5
2026-07-27,FIVN,92,9.8551,3
2026-07-27,HTFL,93,9.8325,3
2026-07-27,RHI,94,9.8118,3
2026-07-27,AMKR,95,9.7678,4
2026-07-27,TER,96,9.7662,4
2026-07-27,AVAV,97,9.7262,4
2026-07-27,KGS,98,9.7002,5
2026-07-27,BMNR,99,9.677,3
2026-07-27,PUMP,100,9.63,4
2026-07-27,FRMI,101,9.6272,4
2026-07-27,TXG,102,9.6201,3
2026-07-27,APLD,103,9.5745,3
2026-07-27,DXC,104,9.52,4
2026-07-27,DMRA,105,9.5149,3
2026-07-27,NVCR,106,9.5026,4
2026-07-27,OII,107,9.4702,4
2026-07-27,ABSI,108,9.4338,3
2026-07-27,QTWO,109,9.3217,3
2026-07-27,CDNL,110,9.2738,4
2026-07-27,KEEL,111,9.235,3
2026-07-27,TEAM,112,9.1858,3
2026-07-27,BTDR,113,9.0868,3
2026-07-27,NSP,114,9.0716,3
2026-07-27,LRCX,115,9.0693,4
2026-07-27,WDC,116,9.0495,4
2026-07-27,AAOI,117,8.9861,3
2026-07-27,MRVL,118,8.9767,3
2026-07-27,CELC,119,8.9684,4
2026-07-27,MBX,120,8.9669,4
2026-07-27,NOK,121,8.9266,3
2026-07-27,ASAN,122,8.9214,4
2026-07-27,GENI,123,8.8942,3
2026-07-27,CLF,124,8.8706,5
2026-07-27,GNRC,125,8.8582,3
2026-07-27,SHAZ,126,8.7241,3
2026-07-27,MTSI,127,8.686,3
2026-07-27,CHYM,128,8.6611,3
2026-07-27,POWL,129,8.6532,3
2026-07-27,OUST,130,8.6409,4
2026-07-27,SIMO,131,8.6179,4
2026-07-27,TSLA,132,8.6136,5
2026-07-27,POET,133,8.6096,3
2026-07-27,SITM,134,8.6026,4
2026-07-27,MU,135,8.6,4
2026-07-27,STUB,136,8.5821,3
2026-07-27,LUNR,137,8.5814,3
2026-07-27,BABA,138,8.5738,4
2026-07-27,INTC,139,8.5186,3
2026-07-27,SNEX,140,8.5153,4
2026-07-27,NAVN,141,8.4892,4
2026-07-27,BEAM,142,8.4861,3
2026-07-27,SSNC,143,8.4577,5
2026-07-27,FRVO,144,8.4503,3
2026-07-27,STRL,145,8.4235,3
2026-07-27,SMTC,146,8.4149,4
2026-07-27,BLKB,147,8.4065,3
2026-07-27,FCEL,148,8.4047,4
2026-07-27,AEVA,149,8.3868,3
2026-07-27,ACMR,150,8.3735,4
2026-07-28,CRNX,1,64.0115,5
2026-07-28,TRAX,2,50.6816,4
2026-07-28,UTZ,3,49.7568,5
2026-07-28,WLFC,4,39.4441,5
2026-07-28,SAFT,5,28.9227,6
2026-07-28,MAN,6,21.8693,5
2026-07-28,RNG,7,19.0159,4
2026-07-28,ATAI,8,18.7145,5
2026-07-28,ABVX,9,17.8253,5
2026-07-28,AMKR,10,17.7776,6
2026-07-28,IONS,11,17.1295,5
2026-07-28,TE,12,17.0666,4
2026-07-28,THC,13,16.317,6
2026-07-28,LBRT,14,15.5156,5
2026-07-28,CDNA,15,14.8031,5
2026-07-28,SNDK,16,14.6832,4
2026-07-28,GLW,17,14.6528,4
2026-07-28,MXL,18,14.6408,5
2026-07-28,AEHR,19,14.6182,4
2026-07-28,BRUN,20,14.3626,3
2026-07-28,WOLF,21,14.2284,3
2026-07-28,SHAZ,22,14.1627,3
2026-07-28,KNSA,23,14.1103,5
2026-07-28,LCID,24,13.9202,4
2026-07-28,UCTT,25,13.839,5
2026-07-28,FRMI,26,13.6069,4
2026-07-28,EOSE,27,13.4744,4
2026-07-28,WULF,28,13.4343,4
2026-07-28,NVTS,29,13.3443,4
2026-07-28,PAY,30,13.2072,3
2026-07-28,VSH,31,12.9428,4
2026-07-28,ACI,32,12.7765,6
2026-07-28,AXTI,33,12.7544,4
2026-07-28,CBZ,34,12.7136,3
2026-07-28,VICR,35,12.5644,3
2026-07-28,NBIS,36,12.5004,4
2026-07-28,QDEL,37,12.4032,4
2026-07-28,COHU,38,12.3484,5
2026-07-28,TTMI,39,12.2076,3
2026-07-28,SEI,40,12.1715,3
2026-07-28,IREN,41,12.1501,4
2026-07-28,GSHD,42,12.1355,3
2026-07-28,LEGN,43,12.1222,4
2026-07-28,FPS,44,12.1197,3
2026-07-28,COTY,45,12.1053,3
2026-07-28,BE,46,12.0971,4
2026-07-28,STM,47,12.0908,4
2026-07-28,BW,48,11.8193,3
2026-07-28,PARR,49,11.7766,3
2026-07-28,AIP,50,11.7051,4
2026-07-28,ABSI,51,11.6142,3
2026-07-28,IBM,52,11.583,5
2026-07-28,WEX,53,11.5619,4
2026-07-28,BTDR,54,11.5397,3
2026-07-28,PYPL,55,11.4876,4
2026-07-28,SOLS,56,11.4302,4
2026-07-28,ALAB,57,11.4295,4
2026-07-28,AESI,58,11.3756,3
2026-07-28,FLNC,59,11.3088,4
2026-07-28,COHR,60,11.2139,4
2026-07-28,PENG,61,11.2043,5
2026-07-28,KEEL,62,11.1246,3
2026-07-28,VECO,63,11.0557,3
2026-07-28,FRVO,64,11.0544,3
2026-07-28,FORM,65,11.0479,4
2026-07-28,AMC,66,11.0321,4
2026-07-28,LUNR,67,11.0224,3
2026-07-28,ACMR,68,10.9474,4
2026-07-28,PAG,69,10.8986,6
2026-07-28,FCEL,70,10.8962,4
2026-07-28,CDNL,71,10.8721,3
2026-07-28,STRL,72,10.7498,3
2026-07-28,NTLA,73,10.7138,3
2026-07-28,UMC,74,10.6855,4
2026-07-28,PBF,75,10.614,3
2026-07-28,CRWV,76,10.6117,4
2026-07-28,AAOI,77,10.5247,3
2026-07-28,GFS,78,10.5179,3
2026-07-28,SANM,79,10.4744,4
2026-07-28,ICHR,80,10.3596,4
2026-07-28,CLF,81,10.1987,5
2026-07-28,PNR,82,10.1962,5
2026-07-28,WDAY,83,10.0904,4
2026-07-28,PURR,84,10.0819,3
2026-07-28,VSAT,85,10.0568,4
2026-07-28,HTFL,86,10.0564,3
2026-07-28,WIX,87,10.0496,3
2026-07-28,TNET,88,10.0272,3
2026-07-28,STUB,89,10.0167,3
2026-07-28,SLS,90,9.9959,4
2026-07-28,ENOV,91,9.9873,4
2026-07-28,FIG,92,9.9405,3
2026-07-28,YSS,93,9.9277,3
2026-07-28,ACLS,94,9.8997,3
2026-07-28,HUBS,95,9.8991,4
2026-07-28,RKLB,96,9.8168,4
2026-07-28,QNT,97,9.7893,3
2026-07-28,CMPS,98,9.7842,4
2026-07-28,CELC,99,9.7205,4
2026-07-28,CLSK,100,9.7182,4
2026-07-28,SSNC,101,9.7162,5
2026-07-28,AGX,102,9.6686,3
2026-07-28,GLXY,103,9.5933,3
2026-07-28,AVAV,104,9.5754,4
2026-07-28,MRVL,105,9.5669,3
2026-07-28,LRCX,106,9.5582,4
2026-07-28,QBTS,107,9.5037,4
2026-07-28,IQV,108,9.4826,4
2026-07-28,PDFS,109,9.4688,4
2026-07-28,GWRE,110,9.4338,3
2026-07-28,PUMP,111,9.4208,3
2026-07-28,CERT,112,9.3903,3
2026-07-28,USAR,113,9.3704,3
2026-07-28,DJT,114,9.3429,3
2026-07-28,RIOT,115,9.3424,3
2026-07-28,SITM,116,9.3334,4
2026-07-28,GVA,117,9.3247,4
2026-07-28,ASTS,118,9.3202,4
2026-07-28,ABCL,119,9.2924,3
2026-07-28,TER,120,9.2755,4
2026-07-28,MYRG,121,9.2623,3
2026-07-28,BILL,122,9.2433,3
2026-07-28,CECO,123,9.2272,4
2026-07-28,INIO,124,9.2222,3
2026-07-28,AMPX,125,9.1745,3
2026-07-28,MU,126,9.1546,4
2026-07-28,RDY,127,9.1072,4
2026-07-28,INTC,128,9.0792,3
2026-07-28,MTRN,129,9.015,3
2026-07-28,CCC,130,8.9744,4
2026-07-28,GNRC,131,8.9614,3
2026-07-28,IT,132,8.9198,4
2026-07-28,KGS,133,8.9033,3
2026-07-28,SIMO,134,8.9031,4
2026-07-28,ETON,135,8.9026,3
2026-07-28,STAA,136,8.8358,4
2026-07-28,APLD,137,8.808,3
2026-07-28,MTSI,138,8.7906,3
2026-07-28,FIVN,139,8.7906,3
2026-07-28,MNDY,140,8.786,5
2026-07-28,QS,141,8.7827,3
2026-07-28,VPG,142,8.7654,3
2026-07-28,VOD,143,8.7586,5
2026-07-28,BB,144,8.7578,3
2026-07-28,MKSI,145,8.7516,4
2026-07-28,SBET,146,8.7296,3
2026-07-28,ONTO,147,8.7102,4
2026-07-28,TEAM,148,8.71,3
2026-07-28,HUT,149,8.7037,4
2026-07-28,LGN,150,8.6852,3
2026-07-31,CRNX,1,61.7049,5
2026-07-31,UTZ,2,47.3941,5
2026-07-31,TRAX,3,46.2531,5
2026-07-31,WLFC,4,39.0931,5
2026-07-31,SAFT,5,27.329,6
2026-07-31,HURN,6,25.176,6
2026-07-31,CBZ,7,23.9402,5
2026-07-31,MKTX,8,23.9166,6
2026-07-31,ATAI,9,21.9869,5
2026-07-31,CDNA,10,21.75,5
2026-07-31,EFOR,11,20.0406,4
2026-07-31,MAN,12,19.3374,5
2026-07-31,ALNY,13,18.623,6
2026-07-31,GLUE,14,18.0437,5
2026-07-31,TE,15,17.8362,4
2026-07-31,RBLX,16,17.734,5
2026-07-31,AMC,17,17.4218,4
2026-07-31,IONS,18,17.3064,5
2026-07-31,BAND,19,16.9848,4
2026-07-31,AMKR,20,16.8303,6
2026-07-31,PSN,21,16.1793,6
2026-07-31,AVTR,22,16.1692,6
2026-07-31,MANH,23,16.0287,6
2026-07-31,TDOC,24,15.7759,6
2026-07-31,BRUN,25,15.5475,5
2026-07-31,LMND,26,15.5276,5
2026-07-31,SHAZ,27,15.3669,5
2026-07-31,CORT,28,15.08,5
2026-07-31,ALHC,29,15.0685,4
2026-07-31,FCEL,30,14.8481,4
2026-07-31,BLKB,31,14.8149,4
2026-07-31,SNDK,32,14.7736,4
2026-07-31,ITRI,33,14.4619,6
2026-07-31,THC,34,14.2921,5
2026-07-31,LAD,35,14.257,5
2026-07-31,MTZ,36,14.2396,5
2026-07-31,FORM,37,14.2236,5
2026-07-31,COHU,38,14.1933,5
2026-07-31,MXL,39,14.0526,4
2026-07-31,LEGN,40,14.0048,5
2026-07-31,CNMD,41,13.9811,5
2026-07-31,RDDT,42,13.8731,5
2026-07-31,BE,43,13.7735,5
2026-07-31,WOLF,44,13.7342,3
2026-07-31,LII,45,13.6521,6
2026-07-31,FRMI,46,13.3114,4
2026-07-31,ENOV,47,13.2664,3
2026-07-31,RXT,48,13.2187,3
2026-07-31,PBF,49,13.1965,3
2026-07-31,RNG,50,13.1776,3
2026-07-31,YSS,51,13.1528,4
2026-07-31,UCTT,52,13.1283,4
2026-07-31,INIO,53,13.0519,4
2026-07-31,RTO,54,12.9917,6
2026-07-31,IBM,55,12.8054,5
2026-07-31,VCYT,56,12.8031,5
2026-07-31,EOSE,57,12.7434,4
2026-07-31,GLW,58,12.5467,4
2026-07-31,ICHR,59,12.3498,4
2026-07-31,VICR,60,12.2701,3
2026-07-31,SIMO,61,12.1639,5
2026-07-31,ACMR,62,12.1556,4
2026-07-31,BTDR,63,12.0151,4
2026-07-31,STM,64,11.9478,5
2026-07-31,LRCX,65,11.9082,4
2026-07-31,WU,66,11.836,6
2026-07-31,LBRT,67,11.734,4
2026-07-31,OUST,68,11.7095,4
2026-07-31,SEI,69,11.6972,3
2026-07-31,PYPL,70,11.652,4
2026-07-31,PARR,71,11.6134,3
2026-07-31,WHD,72,11.6011,5
2026-07-31,ITGR,73,11.509,4
2026-07-31,TAL,74,11.5089,5
2026-07-31,TTMI,75,11.4968,4
2026-07-31,AAOI,76,11.4866,4
2026-07-31,KEEL,77,11.4523,4
2026-07-31,OI,78,11.4387,5
2026-07-31,GRMN,79,11.3964,5
2026-07-31,WULF,80,11.3784,4
2026-07-31,NBIS,81,11.2973,5
2026-07-31,NVTS,82,11.2847,4
2026-07-31,IREN,83,11.2641,5
2026-07-31,ACI,84,11.2407,5
2026-07-31,PENG,85,11.2289,5
2026-07-31,ASTS,86,11.1705,4
2026-07-31,AEVA,87,11.0785,3
2026-07-31,PCOR,88,11.0772,4
2026-07-31,NTLA,89,11.0626,3
2026-07-31,EXLS,90,11.0475,4
2026-07-31,MSFT,91,11.008,5
2026-07-31,ALAB,92,10.9836,4
2026-07-31,CTSH,93,10.97,3
2026-07-31,TSLA,94,10.8674,5
2026-07-31,LUNR,95,10.8655,3
2026-07-31,AESI,96,10.8002,3
2026-07-31,ALGM,97,10.6648,4
2026-07-31,KNSA,98,10.6434,5
2026-07-31,VPG,99,10.5739,3
2026-07-31,PAY,100,10.5116,3
2026-07-31,KLIC,101,10.3518,4
2026-07-31,VOD,102,10.3189,5
2026-07-31,EDU,103,10.3107,5
2026-07-31,VRT,104,10.2955,5
2026-07-31,THRM,105,10.2946,4
2026-07-31,RKLB,106,10.2143,3
2026-07-31,KLAC,107,10.2033,4
2026-07-31,PL,108,10.1961,3
2026-07-31,VFC,109,10.1821,6
2026-07-31,MRVL,110,10.1434,4
2026-07-31,CHRW,111,10.1414,5
2026-07-31,PNR,112,10.1402,5
2026-07-31,AIP,113,10.132,3
2026-07-31,AXTI,114,10.1208,2
2026-07-31,SOLS,115,10.1164,4
2026-07-31,PLPC,116,10.0937,4
2026-07-31,FPS,117,10.0812,3
2026-07-31,WSO,118,10.0662,5
2026-07-31,STUB,119,10.063,3
2026-07-31,SPSC,120,10.061,4
2026-07-31,FLEX,121,10.0552,5
2026-07-31,CAKE,122,10.0104,4
2026-07-31,HII,123,10.0037,6
2026-07-31,ARM,124,9.9912,4
2026-07-31,ABSI,125,9.9898,3
2026-07-31,GNRC,126,9.9802,5
2026-07-31,MKSI,127,9.9476,4
2026-07-31,GCT,128,9.9058,3
2026-07-31,WEX,129,9.8986,3
2026-07-31,PDFS,130,9.8978,4
2026-07-31,STRL,131,9.8975,4
2026-07-31,FRVO,132,9.8858,3
2026-07-31,KOS,133,9.8564,4
2026-07-31,CLF,134,9.8235,4
2026-07-31,AGIO,135,9.8029,4
2026-07-31,PAG,136,9.7907,5
2026-07-31,COHR,137,9.779,4
2026-07-31,BB,138,9.7282,3
2026-07-31,SANM,139,9.6877,4
2026-07-31,HUBS,140,9.6049,4
2026-07-31,QNT,141,9.588,3
2026-07-31,GFS,142,9.5145,3
2026-07-31,QS,143,9.4985,3
2026-07-31,QBTS,144,9.458,4
2026-07-31,FLNC,145,9.4572,4
2026-07-31,VSH,146,9.4502,3
2026-07-31,ALM,147,9.3975,3
2026-07-31,APLD,148,9.3646,4
2026-07-31,ONTO,149,9.3595,4
2026-07-31,BABA,150,9.3348,4
2026-08-04,CRNX,1,52.7648,4
2026-08-04,UTZ,2,47.4902,5
2026-08-04,TRAX,3,44.3526,5
2026-08-04,WLFC,4,39.6721,5
2026-08-04,REPL,5,34.1135,4
2026-08-04,CDNA,6,25.9973,6
2026-08-04,SAFT,7,24.5773,5
2026-08-04,MKTX,8,23.8252,6
2026-08-04,HURN,9,23.6222,6
2026-08-04,PAY,10,23.5421,6
2026-08-04,CBZ,11,22.8854,5
2026-08-04,ATKR,12,22.7155,6
2026-08-04,EFOR,13,22.6109,4
2026-08-04,AEHR,14,21.5891,4
2026-08-04,ATAI,15,21.2878,5
2026-08-04,GLUE,16,19.2764,6
2026-08-04,MAN,17,19.0697,5
2026-08-04,AMC,18,18.7083,4
2026-08-04,ALNY,19,18.6448,6
2026-08-04,RBLX,20,18.2934,5
2026-08-04,BHC,21,18.1554,5
2026-08-04,ALHC,22,18.0428,5
2026-08-04,ITGR,23,17.7281,5
2026-08-04,PSN,24,17.6342,6
2026-08-04,IONS,25,17.1789,5
2026-08-04,BLKB,26,16.8691,4
2026-08-04,ZBRA,27,16.7595,6
2026-08-04,RNG,28,16.6772,3
2026-08-04,TDOC,29,16.511,6
2026-08-04,LMND,30,16.2235,5
2026-08-04,BLZE,31,15.8204,5
2026-08-04,W,32,15.7914,6
2026-08-04,COAG,33,14.9881,3
2026-08-04,MTZ,34,14.9387,6
2026-08-04,CNMD,35,14.838,5
2026-08-04,INSP,36,14.6263,5
2026-08-04,BAND,37,14.5175,4
2026-08-04,TE,38,14.1076,4
2026-08-04,IBM,39,13.9356,5
2026-08-04,CORT,40,13.6884,6
2026-08-04,VCYT,41,13.6173,6
2026-08-04,FCEL,42,13.4777,4
2026-08-04,SHAZ,43,13.4674,4
2026-08-04,AVTR,44,13.3943,5
2026-08-04,NEOG,45,13.3384,6
2026-08-04,IT,46,13.2739,4
2026-08-04,RTO,47,13.2226,6
2026-08-04,BRUN,48,13.1947,4
2026-08-04,CAKE,49,13.0172,5
2026-08-04,MANH,50,13.0057,6
2026-08-04,YSS,51,12.9135,4
2026-08-04,PLTR,52,12.9036,5
2026-08-04,LII,53,12.8748,6
2026-08-04,BE,54,12.8741,5
2026-08-04,RDDT,55,12.7578,5
2026-08-04,UFPT,56,12.6381,5
2026-08-04,MSFT,57,12.5819,6
2026-08-04,WIX,58,12.408,5
2026-08-04,PLPC,59,12.3527,5
2026-08-04,AMKR,60,12.3022,5
2026-08-04,WYFI,61,12.2426,4
2026-08-04,WOLF,62,12.2152,4
2026-08-04,SIMO,63,12.1866,5
2026-08-04,CTRI,64,12.0537,6
2026-08-04,BTDR,65,12.0167,5
2026-08-04,SRAD,66,11.965,5
2026-08-04,ICHR,67,11.7924,4
2026-08-04,OI,68,11.7771,5
2026-08-04,ITRI,69,11.736,5
2026-08-04,STM,70,11.71,4
2026-08-04,THC,71,11.6186,5
2026-08-04,FICO,72,11.5996,5
2026-08-04,WHD,73,11.5965,5
2026-08-04,SNDK,74,11.519,5
2026-08-04,AXTI,75,11.4985,3
2026-08-04,PYPL,76,11.4484,4
2026-08-04,BRKR,77,11.3391,5
2026-08-04,LEGN,78,11.2587,4
2026-08-04,ACI,79,11.2351,5
2026-08-04,KNSA,80,11.2151,5
2026-08-04,IESC,81,11.2017,5
2026-08-04,MXL,82,11.1458,4
2026-08-04,FRMI,83,11.1019,4
2026-08-04,THRM,84,11.083,4
2026-08-04,EXLS,85,10.9156,5
2026-08-04,STRL,86,10.9115,4
2026-08-04,BAX,87,10.8931,5
2026-08-04,APTV,88,10.8749,5
2026-08-04,NTLA,89,10.7739,3
2026-08-04,INIO,90,10.768,4
2026-08-04,LAD,91,10.7008,5
2026-08-04,GRMN,92,10.5665,5
2026-08-04,BABA,93,10.5276,4
2026-08-04,XNCR,94,10.5089,3
2026-08-04,PCOR,95,10.4864,5
2026-08-04,IMAX,96,10.4817,3
2026-08-04,UCTT,97,10.4033,4
2026-08-04,TAL,98,10.347,5
2026-08-04,RXT,99,10.3195,3
2026-08-04,WU,100,10.3002,6
2026-08-04,CLF,101,10.2881,4
2026-08-04,PENG,102,10.1797,5
2026-08-04,CSW,103,10.1775,5
2026-08-04,COHU,104,10.1739,5
2026-08-04,RIVN,105,10.1398,4
2026-08-04,CTSH,106,9.9663,3
2026-08-04,KEEL,107,9.9015,4
2026-08-04,STUB,108,9.8858,3
2026-08-04,FSLY,109,9.8087,3
2026-08-04,LIND,110,9.7942,3
2026-08-04,GCT,111,9.7404,3
2026-08-04,SONO,112,9.7272,5
2026-08-04,LBRT,113,9.7184,4
2026-08-04,DLB,114,9.6271,5
2026-08-04,AESI,115,9.6094,4
2026-08-04,AMZN,116,9.5966,6
2026-08-04,KNF,117,9.5786,5
2026-08-04,CIFR,118,9.5563,5
2026-08-04,PWP,119,9.5325,4
2026-08-04,PNR,120,9.5312,5
2026-08-04,CHRW,121,9.5065,5
2026-08-04,DXCM,122,9.492,6
2026-08-04,MRNA,123,9.4738,3
2026-08-04,OMCL,124,9.4524,5
2026-08-04,FERG,125,9.4253,4
2026-08-04,QNT,126,9.3962,3
2026-08-04,ORIC,127,9.3897,3
2026-08-04,IREN,128,9.3838,5
2026-08-04,ALAB,129,9.3788,4
2026-08-04,VRT,130,9.3518,5
2026-08-04,VOD,131,9.3038,5
2026-08-04,LCID,132,9.2844,4
2026-08-04,ALGM,133,9.2695,4
2026-08-04,ABSI,134,9.213,3
2026-08-04,PARR,135,9.2129,3
2026-08-04,TSLA,136,9.2031,4
2026-08-04,AXS,137,9.1946,6
2026-08-04,ACMR,138,9.1931,4
2026-08-04,LRCX,139,9.1789,4
2026-08-04,SSNC,140,9.0771,5
2026-08-04,PBF,141,9.0369,3
2026-08-04,AGIO,142,9.0016,4
2026-08-04,FRVO,143,8.9713,3
2026-08-04,ISRG,144,8.9567,5
2026-08-04,GLW,145,8.9229,4
2026-08-04,GVA,146,8.9174,5
2026-08-04,WSO,147,8.9104,5
2026-08-04,HUBS,148,8.8633,4
2026-08-04,UMC,149,8.7534,4
2026-08-04,SEI,150,8.7444,4
2026-08-06,UTZ,1,49.0437,5
2026-08-06,TRAX,2,40.1402,4
2026-08-06,REPL,3,37.2437,6
2026-08-06,CDNA,4,24.8972,5
2026-08-06,SAFT,5,24.2495,5
2026-08-06,ATKR,6,24.0189,6
2026-08-06,IOVA,7,23.5037,5
2026-08-06,UTI,8,22.8046,6
2026-08-06,EFOR,9,22.6611,4
2026-08-06,PAYC,10,22.2546,6
2026-08-06,LIFE,11,22.2468,5
2026-08-06,MKTX,12,20.6357,6
2026-08-06,GLUE,13,20.5048,6
2026-08-06,AEHR,14,20.2366,4
2026-08-06,APPS,15,20.1761,6
2026-08-06,HURN,16,19.886,5
2026-08-06,PAY,17,19.7141,6
2026-08-06,MAN,18,19.6572,5
2026-08-06,ATAI,19,19.6088,5
2026-08-06,ITGR,20,19.438,5
2026-08-06,BLLN,21,18.7877,6
2026-08-06,SEDG,22,18.5426,5
2026-08-06,BLKB,23,18.326,4
2026-08-06,ALNY,24,18.099,5
2026-08-06,RBLX,25,17.9247,5
2026-08-06,BAND,26,17.804,4
2026-08-06,PLPC,27,17.7658,5
2026-08-06,BRUN,28,17.274,5
2026-08-06,CHYM,29,17.2728,5
2026-08-06,RNG,30,17.0815,3
2026-08-06,ZBRA,31,17.0427,6
2026-08-06,AXTI,32,16.9556,5
2026-08-06,YSS,33,16.4641,4
2026-08-06,CBZ,34,16.148,4
2026-08-06,HONA,35,16.1251,5
2026-08-06,APP,36,16.0713,5
2026-08-06,CNMD,37,15.7073,5
2026-08-06,IONS,38,15.6613,4
2026-08-06,ALHC,39,15.4039,5
2026-08-06,GCT,40,15.0702,3
2026-08-06,TRIP,41,15.0051,6
2026-08-06,MTZ,42,14.9809,5
2026-08-06,PSN,43,14.9356,5
2026-08-06,TDOC,44,14.8585,5
2026-08-06,INSM,45,14.6752,6
2026-08-06,LMAT,46,14.5751,6
2026-08-06,COAG,47,14.4505,3
2026-08-06,W,48,14.4007,6
2026-08-06,IBM,49,14.344,5
2026-08-06,LMND,50,14.1364,4
2026-08-06,SNDK,51,14.0375,5
2026-08-06,AVTR,52,13.8594,5
2026-08-06,SHAZ,53,13.8086,4
2026-08-06,AMC,54,13.7977,4
2026-08-06,TDC,55,13.778,5
2026-08-06,IESC,56,13.5899,5
2026-08-06,AEVA,57,13.4225,5
2026-08-06,RTO,58,13.2267,6
2026-08-06,VCYT,59,13.2057,6
2026-08-06,RDDT,60,13.0906,5
2026-08-06,IT,61,13.0721,4
2026-08-06,VAC,62,13.0417,5
2026-08-06,BHC,63,12.8591,5
2026-08-06,PLTR,64,12.8068,6
2026-08-06,U,65,12.6697,4
2026-08-06,UFPT,66,12.6578,5
2026-08-06,SRAD,67,12.6382,5
2026-08-06,OI,68,12.3382,5
2026-08-06,NEOG,69,12.32,6
2026-08-06,CIFR,70,12.2551,5
2026-08-06,PYPL,71,12.2396,4
2026-08-06,SHOP,72,12.231,5
2026-08-06,RXT,73,12.1442,3
2026-08-06,ICHR,74,12.1248,4
2026-08-06,AMKR,75,12.1162,5
2026-08-06,PODD,76,12.1074,6
2026-08-06,MSFT,77,12.067,5
2026-08-06,APTV,78,12.0125,5
2026-08-06,MIRM,79,11.9303,5
2026-08-06,INSP,80,11.8871,5
2026-08-06,THC,81,11.8118,5
2026-08-06,MANH,82,11.6782,5
2026-08-06,GTM,83,11.6595,3
2026-08-06,NWL,84,11.6362,5
2026-08-06,ITRI,85,11.6076,5
2026-08-06,DVA,86,11.5142,5
2026-08-06,TYRA,87,11.4923,6
2026-08-06,CORT,88,11.4915,5
2026-08-06,CELH,89,11.4735,5
2026-08-06,STM,90,11.3622,4
2026-08-06,LCID,91,11.3304,5
2026-08-06,PRGO,92,11.3153,5
2026-08-06,PENG,93,11.3017,4
2026-08-06,EXTR,94,11.2725,4
2026-08-06,CAKE,95,11.264,3
2026-08-06,INTA,96,11.2397,4
2026-08-06,LEGN,97,11.2297,4
2026-08-06,LII,98,11.2201,5
2026-08-06,AAUC,99,11.2176,6
2026-08-06,FICO,100,11.1093,5
2026-08-06,TE,101,11.0529,4
2026-08-06,BROS,102,11.0503,5
2026-08-06,ATEN,103,10.9168,5
2026-08-06,NBIS,104,10.9068,5
2026-08-06,SPCX,105,10.8861,5
2026-08-06,ACI,106,10.8846,5
2026-08-06,CTRI,107,10.8776,6
2026-08-06,WHD,108,10.8594,5
2026-08-06,SIMO,109,10.8416,4
2026-08-06,MTRN,110,10.8237,6
2026-08-06,WIX,111,10.816,5
2026-08-06,CACI,112,10.7895,4
2026-08-06,LINC,113,10.7466,4
2026-08-06,BRKR,114,10.7346,6
2026-08-06,CSW,115,10.7313,5
2026-08-06,ALNT,116,10.7102,4
2026-08-06,CC,117,10.6631,5
2026-08-06,WULF,118,10.6209,4
2026-08-06,INIO,119,10.6132,4
2026-08-06,VISN,120,10.5174,5
2026-08-06,BLZE,121,10.4774,4
2026-08-06,CLF,122,10.3881,4
2026-08-06,LASR,123,10.3838,3
2026-08-06,AGIO,124,10.3215,4
2026-08-06,KEEL,125,10.2867,4
2026-08-06,KNSA,126,10.2823,5
2026-08-06,WOLF,127,10.2192,4
2026-08-06,TAL,128,10.1989,5
2026-08-06,NTLA,129,10.1602,3
2026-08-06,ACMR,130,10.0957,4
2026-08-06,PCOR,131,10.0814,5
2026-08-06,WU,132,10.0549,6
2026-08-06,BTDR,133,10.0289,4
2026-08-06,AGL,134,10.0226,4
2026-08-06,GLXY,135,10.0057,4
2026-08-06,SITM,136,9.9453,4
2026-08-06,UCTT,137,9.9321,4
2026-08-06,IREN,138,9.9039,4
2026-08-06,VOD,139,9.9036,5
2026-08-06,ARXS,140,9.8978,3
2026-08-06,IDCC,141,9.8734,4
2026-08-06,LBRT,142,9.8561,4
2026-08-06,MXL,143,9.8504,4
2026-08-06,WDC,144,9.8262,4
2026-08-06,KNF,145,9.8196,5
2026-08-06,STRL,146,9.8085,4
2026-08-06,AMLX,147,9.7987,3
2026-08-06,CHRW,148,9.7632,4
2026-08-06,FERG,149,9.7531,4
2026-08-06,STUB,150,9.7245,3
2026-08-07,UTZ,1,49.6618,5
2026-08-07,FBRX,2,37.9853,4
2026-08-07,REPL,3,32.433,3
2026-08-07,DOCS,4,27.7554,6
2026-08-07,TEAM,5,27.5601,6
2026-08-07,SAFT,6,25.1048,5
2026-08-07,LIFE,7,24.9632,5
2026-08-07,CDNA,8,24.246,5
2026-08-07,IOVA,9,23.4237,5
2026-08-07,ATKR,10,23.3702,6
2026-08-07,UTI,11,22.4548,6
2026-08-07,PAYC,12,21.9409,6
2026-08-07,EFOR,13,21.7453,4
2026-08-07,CRSR,14,21.2733,5
2026-08-07,MAN,15,20.9242,5
2026-08-07,MKTX,16,20.61,5
2026-08-07,HURN,17,20.5811,5
2026-08-07,SEZL,18,20.2118,6
2026-08-07,AXTI,19,19.991,4
2026-08-07,SEDG,20,19.9506,5
2026-08-07,BLLN,21,19.786,6
2026-08-07,GLUE,22,19.2142,5
2026-08-07,ATAI,23,18.8078,5
2026-08-07,FIGS,24,18.7376,5
2026-08-07,APPS,25,18.4785,6
2026-08-07,TTD,26,18.2695,6
2026-08-07,PAY,27,18.0516,6
2026-08-07,BAND,28,17.6066,4
2026-08-07,AEHR,29,17.4434,4
2026-08-07,ITGR,30,17.3943,5
2026-08-07,ALNY,31,17.327,5
2026-08-07,PLPC,32,17.2351,5
2026-08-07,BLKB,33,17.2025,4
2026-08-07,ZBRA,34,17.1796,6
2026-08-07,PLTR,35,17.0294,6
2026-08-07,RNG,36,16.5264,3
2026-08-07,BRUN,37,16.4972,5
2026-08-07,CBZ,38,16.2648,4
2026-08-07,TNDM,39,15.8269,5
2026-08-07,SNDK,40,15.8191,5
2026-08-07,YSS,41,15.7191,4
2026-08-07,GCT,42,15.6165,4
2026-08-07,RBLX,43,15.41,4
2026-08-07,SHAZ,44,15.2414,4
2026-08-07,TRAX,45,15.1234,4
2026-08-07,HONA,46,14.8991,5
2026-08-07,LMAT,47,14.6981,6
2026-08-07,PSN,48,14.6961,5
2026-08-07,TRIP,49,14.6706,6
2026-08-07,CHYM,50,14.5137,5
2026-08-07,CIFR,51,14.5011,5
2026-08-07,AEVA,52,14.4899,5
2026-08-07,AMC,53,14.3806,4
2026-08-07,APP,54,14.3042,4
2026-08-07,MTZ,55,14.157,5
2026-08-07,TDOC,56,14.0315,5
2026-08-07,W,57,13.8843,6
2026-08-07,IT,58,13.8614,4
2026-08-07,ALHC,59,13.8198,4
2026-08-07,BHC,60,13.6944,5
2026-08-07,LASR,61,13.6616,4
2026-08-07,IBM,62,13.458,5
2026-08-07,LMND,63,13.3586,4
2026-08-07,VOYG,64,13.286,5
2026-08-07,U,65,13.2093,4
2026-08-07,TDC,66,13.1496,5
2026-08-07,AMKR,67,13.0818,5
2026-08-07,INSM,68,12.968,5
2026-08-07,UFPT,69,12.9582,5
2026-08-07,ICHR,70,12.6805,4
2026-08-07,CAI,71,12.6366,5
2026-08-07,VCYT,72,12.5877,5
2026-08-07,EXTR,73,12.4548,4
2026-08-07,CACI,74,12.4231,4
2026-08-07,AVTR,75,12.35,5
2026-08-07,THC,76,12.3222,5
2026-08-07,SIMO,77,12.3107,4
2026-08-07,IESC,78,12.2783,5
2026-08-07,PRGO,79,12.2704,5
2026-08-07,VAC,80,12.2453,6
2026-08-07,MANH,81,12.1692,5
2026-08-07,SHOP,82,12.1407,5
2026-08-07,MSFT,83,12.1141,5
2026-08-07,RTO,84,12.0893,5
2026-08-07,CORT,85,12.0808,5
2026-08-07,APTV,86,12.0636,6
2026-08-07,CNMD,87,12.0441,5
2026-08-07,OI,88,12.0374,5
2026-08-07,PODD,89,12.028,6
2026-08-07,INTA,90,11.9479,4
2026-08-07,GTM,91,11.8827,3
2026-08-07,BTDR,92,11.863,4
2026-08-07,ARXS,93,11.8056,3
2026-08-07,ATEN,94,11.7831,5
2026-08-07,IDCC,95,11.6842,4
2026-08-07,ITRI,96,11.6755,5
2026-08-07,ACI,97,11.6662,5
2026-08-07,BROS,98,11.632,5
2026-08-07,LCID,99,11.5414,5
2026-08-07,PYPL,100,11.4751,4
2026-08-07,HALO,101,11.471,4
2026-08-07,WDC,102,11.4315,4
2026-08-07,FIVN,103,11.3804,3
2026-08-07,BETA,104,11.3783,3
2026-08-07,WULF,105,11.2983,4
2026-08-07,DVA,106,11.2878,5
2026-08-07,BRKR,107,11.2658,6
2026-08-07,PENG,108,11.154,4
2026-08-07,INSP,109,11.1477,5
2026-08-07,KEEL,110,11.0642,4
2026-08-07,TPC,111,11.0372,4
2026-08-07,STM,112,11.0264,4
2026-08-07,RDW,113,10.9615,4
2026-08-07,CSW,114,10.9604,5
2026-08-07,NBIS,115,10.956,5
2026-08-07,LII,116,10.9526,5
2026-08-07,BTG,117,10.9064,4
2026-08-07,SRAD,118,10.9048,5
2026-08-07,ACMR,119,10.8984,4
2026-08-07,OPEN,120,10.8766,3
2026-08-07,APPN,121,10.7627,3
2026-08-07,PGEN,122,10.7309,5
2026-08-07,CLF,123,10.7284,4
2026-08-07,ABNB,124,10.7196,6
2026-08-07,STRL,125,10.7028,4
2026-08-07,RDDT,126,10.6938,4
2026-08-07,PWP,127,10.6796,5
2026-08-07,MIRM,128,10.6512,5
2026-08-07,XNCR,129,10.5892,4
2026-08-07,MXL,130,10.5546,4
2026-08-07,EQPT,131,10.4813,4
2026-08-07,AVEX,132,10.4672,4
2026-08-07,WHD,133,10.4193,5
2026-08-07,CAKE,134,10.3936,3
2026-08-07,LINC,135,10.3719,4
2026-08-07,DDOG,136,10.3604,5
2026-08-07,FOUR,137,10.2838,5
2026-08-07,ALAB,138,10.2351,4
2026-08-07,AGIO,139,10.2225,4
2026-08-07,ALNT,140,10.1718,4
2026-08-07,XE,141,10.1433,3
2026-08-07,TWLO,142,10.1378,5
2026-08-07,BE,143,10.0509,4
2026-08-07,NTRA,144,10.0449,5
2026-08-07,NEOG,145,10.0344,5
2026-08-07,SITM,146,9.9663,4
2026-08-07,SOUN,147,9.9647,4
2026-08-07,CELH,148,9.9508,6
2026-08-07,FLNC,149,9.9375,5
2026-08-07,FICO,150,9.9366,4
2026-08-10,MNST,1,58.604,5
2026-08-10,UTZ,2,49.1732,5
2026-08-10,REPL,3,37.6325,5
2026-08-10,RUSHA,4,32.56,5
2026-08-10,HZO,5,31.0391,6
2026-08-10,TEAM,6,29.4622,6
2026-08-10,FBRX,7,29.1422,4
2026-08-10,DOCS,8,26.2131,6
2026-08-10,IOVA,9,25.7248,6
2026-08-10,SAFT,10,25.2994,5
2026-08-10,CDNA,11,25.1657,5
2026-08-10,EFOR,12,24.7963,4
2026-08-10,UTI,13,23.6621,6
2026-08-10,LIFE,14,22.8098,5
2026-08-10,PAYC,15,22.0278,6
2026-08-10,APPS,16,20.8075,6
2026-08-10,MKTX,17,20.6933,5
2026-08-10,SEZL,18,20.4989,6
2026-08-10,AEHR,19,20.4019,4
2026-08-10,ABCL,20,19.8253,6
2026-08-10,MAN,21,19.8122,5
2026-08-10,SEDG,22,19.6563,5
2026-08-10,ATAI,23,19.5831,5
2026-08-10,HURN,24,19.5398,5
2026-08-10,CRSR,25,19.4399,5
2026-08-10,FIGS,26,19.1446,4
2026-08-10,BLLN,27,18.8793,6
2026-08-10,TTD,28,18.812,6
2026-08-10,PAY,29,18.5413,6
2026-08-10,GLUE,30,18.4853,5
2026-08-10,ATKR,31,18.325,6
2026-08-10,PLTR,32,18.3136,6
2026-08-10,CHYM,33,17.52,5
2026-08-10,AXTI,34,17.0406,4
2026-08-10,BLKB,35,17.0007,4
2026-08-10,ALNY,36,16.9245,5
2026-08-10,PLPC,37,16.9035,5
2026-08-10,RNG,38,16.6135,3
2026-08-10,ZBRA,39,16.4309,5
2026-08-10,YSS,40,16.3021,4
2026-08-10,FSLY,41,16.0948,5
2026-08-10,TNDM,42,16.0347,5
2026-08-10,BRUN,43,15.9505,5
2026-08-10,BAND,44,15.872,4
2026-08-10,VOYG,45,15.8708,5
2026-08-10,LASR,46,15.7322,5
2026-08-10,UFPT,47,15.5576,5
2026-08-10,TRIP,48,15.4586,6
2026-08-10,CBZ,49,15.4345,4
2026-08-10,BTDR,50,15.3457,5
2026-08-10,HONA,51,15.3132,5
2026-08-10,IT,52,15.3109,4
2026-08-10,RBLX,53,15.2961,4
2026-08-10,GCT,54,15.1872,4
2026-08-10,LMAT,55,15.1327,6
2026-08-10,INSM,56,15.0593,6
2026-08-10,PSN,57,15.0385,5
2026-08-10,CAI,58,14.9781,5
2026-08-10,SNDK,59,14.7709,4
2026-08-10,UMAC,60,14.5637,4
2026-08-10,TDOC,61,14.5583,5
2026-08-10,CIFR,62,14.2846,5
2026-08-10,SIMO,63,14.192,4
2026-08-10,APP,64,14.1254,4
2026-08-10,ICHR,65,14.0476,4
2026-08-10,ALHC,66,13.791,4
2026-08-10,MTZ,67,13.7096,5
2026-08-10,ACHR,68,13.6021,5
2026-08-10,LMND,69,13.4474,4
2026-08-10,BHC,70,13.3655,4
2026-08-10,AMKR,71,13.2603,5
2026-08-10,HALO,72,13.2591,5
2026-08-10,U,73,13.2584,4
2026-08-10,SHOP,74,13.2581,5
2026-08-10,W,75,13.1718,6
2026-08-10,CORT,76,13.152,5
2026-08-10,EXTR,77,13.0286,4
2026-08-10,SHAZ,78,12.9453,4
2026-08-10,TRAX,79,12.9428,4
2026-08-10,TWLO,80,12.8855,6
2026-08-10,IBM,81,12.8028,5
2026-08-10,BROS,82,12.8012,5
2026-08-10,AVTR,83,12.7985,5
2026-08-10,MANH,84,12.7892,5
2026-08-10,IESC,85,12.7845,5
2026-08-10,GTM,86,12.7536,3
2026-08-10,AEVA,87,12.7438,5
2026-08-10,OI,88,12.7375,5
2026-08-10,MSFT,89,12.6429,5
2026-08-10,ERO,90,12.6353,4
2026-08-10,KEEL,91,12.6267,4
2026-08-10,INTA,92,12.6102,4
2026-08-10,CACI,93,12.5869,4
2026-08-10,PODD,94,12.4537,6
2026-08-10,VCYT,95,12.4506,5
2026-08-10,AMC,96,12.4337,4
2026-08-10,IDCC,97,12.4028,4
2026-08-10,TWST,98,12.3417,4
2026-08-10,ITGR,99,12.1613,4
2026-08-10,THC,100,12.1302,5
2026-08-10,PRGO,101,12.0981,5
2026-08-10,TDC,102,12.0975,5
2026-08-10,LII,103,12.091,5
2026-08-10,XNCR,104,12.0824,4
2026-08-10,APTV,105,11.96,6
2026-08-10,ACI,106,11.8383,5
2026-08-10,ABNB,107,11.8246,6
2026-08-10,NTRA,108,11.7382,6
2026-08-10,APPN,109,11.7264,3
2026-08-10,DVA,110,11.6952,5
2026-08-10,NBIS,111,11.6114,5
2026-08-10,RTO,112,11.5309,5
2026-08-10,WHD,113,11.5205,5
2026-08-10,ITRI,114,11.4964,5
2026-08-10,CLF,115,11.4832,4
2026-08-10,STM,116,11.4585,4
2026-08-10,BTG,117,11.4427,4
2026-08-10,ACMR,118,11.4365,4
2026-08-10,FIVN,119,11.4046,3
2026-08-10,PENG,120,11.2953,4
2026-08-10,SAIL,121,11.2716,3
2026-08-10,LCID,122,11.2667,5
2026-08-10,WULF,123,11.2178,4
2026-08-10,WDC,124,11.2051,4
2026-08-10,MXL,125,11.1816,4
2026-08-10,MDLN,126,11.1719,6
2026-08-10,PCOR,127,11.1521,4
2026-08-10,PWP,128,11.1184,5
2026-08-10,ARXS,129,11.1104,3
2026-08-10,RDW,130,10.8875,4
2026-08-10,CC,131,10.8624,5
2026-08-10,ALAB,132,10.8441,4
2026-08-10,PYPL,133,10.8231,4
2026-08-10,NESR,134,10.7497,5
2026-08-10,RRX,135,10.6586,5
2026-08-10,TPC,136,10.6023,4
2026-08-10,BLZE,137,10.5615,4
2026-08-10,PGEN,138,10.5614,5
2026-08-10,INSP,139,10.5435,5
2026-08-10,KNSA,140,10.5358,5
2026-08-10,STRL,141,10.5215,4
2026-08-10,GRMN,142,10.5151,4
2026-08-10,CTSH,143,10.5151,3
2026-08-10,MIRM,144,10.4809,5
2026-08-10,EXLS,145,10.4636,4
2026-08-10,RDDT,146,10.4403,4
2026-08-10,UCTT,147,10.415,4
2026-08-10,COHU,148,10.4084,5
2026-08-10,TXG,149,10.3919,3
2026-08-10,PNR,150,10.3789,5
