rank,ticker,company_name,sector,industry,exchange,market_cap,market_data_date,price,return_1d,return_5d,return_21d,spy_relative_21d,sector_etf,sector_etf_return_21d,sector_relative_21d,volume_ratio_5d_vs_prev20d,avg_dollar_volume_20d,volatility_ratio_20d_vs_prev120d,max_daily_move_21d,max_gap_21d,distance_from_52w_high,distance_from_52w_low,trigger_conditions,trigger_count,selection_reason,signal_score,first_trigger_date,trigger_days_last_5,trigger_days_last_10,consecutive_trigger_days,rank_previous,rank_change,new_entry,persistent_signal
1,KLAC,KLA Corporation,,,NMS,291064250368.00000000,2026-07-13,222.86000061,-0.03740499,-0.04479018,9.43527961,9.39719875,,,,0.19890246,3804142938.15200520,57.09007051,9.55464297,8.85221694,-0.26134365,25.40834248,spy_relative;volatility;single_day_move;gap,4,threshold,418.48020000,2026-07-13,1,1,1,,,True,False
2,CRWD,"CrowdStrike Holdings, Inc.",,,NMS,188515418112.00000000,2026-07-13,184.94000244,-0.01196704,-0.07242453,3.56825282,3.53017196,,,,0.14402865,1929715657.60231638,19.99333292,3.01646087,2.96003846,-0.07242453,7.44836556,spy_relative;volatility;single_day_move;gap,4,threshold,142.83460000,2026-07-13,1,1,1,,,True,False
3,CRNX,"Crinetics Pharmaceuticals, Inc.",,,NMS,8851418112.00000000,2026-07-13,83.63500214,0.00065806,0.98988828,1.43691733,1.39883647,,,,15.09825253,540201356.82097888,6.50032359,0.98738999,0.98857969,0.00000000,2.11489761,spy_relative;volume;volatility;single_day_move;gap,5,threshold,58.43510000,2026-07-13,1,1,1,,,True,False
4,MLI,"Mueller Industries, Inc.",,,NYQ,12669029376.00000000,2026-07-13,57.22499847,0.00412347,0.00677337,0.72832973,0.69024887,,,,0.41924512,108679803.12269592,8.40838550,0.86838031,1.01382898,-0.01097480,1.74658032,spy_relative;volatility;single_day_move;gap,4,threshold,41.12240000,2026-07-13,1,1,1,,,True,False
5,DD,"DuPont de Nemours, Inc.",,,NYQ,18275551232.00000000,2026-07-13,135.61999512,0.00697953,-0.03849704,-0.66558169,-0.70366255,,,,1.08367934,208780504.15085298,6.97933596,0.67188055,0.65538174,-0.70757057,0.23140197,spy_relative;volatility;single_day_move;gap,4,threshold,32.40960000,2026-07-13,1,1,1,,,True,False
6,DFTX,"Definium Therapeutics, Inc.",,,NMS,6028627968.00000000,2026-07-13,45.10499954,-0.04174634,0.01748247,0.94083477,0.90275390,,,,0.44484508,192811434.96162319,3.36002850,0.49795747,0.57598050,-0.06904027,4.58921949,spy_relative;volatility;single_day_move;gap,4,threshold,28.86640000,2026-07-13,1,1,1,,,True,False
7,QURE,uniQure N.V.,,,NMS,2822019840.00000000,2026-07-13,40.99750137,-0.03829462,-0.00876449,0.52861677,0.49053591,,,,0.44197550,137974652.60748369,2.21245700,0.78436459,0.61356056,-0.41921655,3.54014425,spy_relative;volatility;single_day_move;gap,4,threshold,27.57700000,2026-07-13,1,1,1,,,True,False
8,HQ,Horizon Quantum Holdings Ltd.,,,NCM,1139361024.00000000,2026-07-13,22.25000000,-0.03218790,-0.08133771,1.22277717,1.18469631,,,,0.25385728,40976328.19558945,,0.63336388,0.13125002,-0.42042198,1.67106845,spy_relative;single_day_move;gap,3,threshold,25.73180000,2026-07-13,1,1,1,,,True,False
9,TRAX,"First Tracks Biotherapeutics, I",,,NMS,1213905920.00000000,2026-07-13,34.47999954,-0.04856518,0.72055878,1.09987816,1.06179730,,,,2.24114897,21648246.68520927,,0.55994226,0.02861863,-0.04856518,1.25065276,spy_relative;volume;single_day_move,3,threshold,22.51670000,2026-07-13,1,1,1,,,True,False
10,APGE,"Apogee Therapeutics, Inc.",,,NGM,10053566464.00000000,2026-07-13,133.72500610,0.00056126,0.00168544,0.61659821,0.57851735,,,,0.22128859,787180325.61502230,2.87349037,0.46658561,0.46713886,0.00000000,2.85930737,spy_relative;volatility;single_day_move;gap,4,threshold,22.48600000,2026-07-13,1,1,1,,,True,False
11,BFLY,"Butterfly Network, Inc.",,,NYQ,2048648320.00000000,2026-07-13,7.82499981,-0.01942359,-0.04921018,0.45176252,0.41368166,,,,0.47414638,96105043.41336370,2.00626215,0.55866892,0.26269702,-0.12177329,4.88345831,spy_relative;volatility;single_day_move;gap,4,threshold,18.24230000,2026-07-13,1,1,1,,,True,False
12,ABSI,Absci Corporation,,,NMS,1753293568.00000000,2026-07-13,10.30000019,-0.02830190,-0.10745232,0.61442006,0.57633920,,,,0.52128244,78436192.72569422,1.53044858,0.35964913,0.28340087,-0.11359722,3.47826105,spy_relative;volatility;single_day_move;gap,4,threshold,17.41100000,2026-07-13,1,1,1,,,True,False
13,MBX,"MBX Biosciences, Inc.",,,NMS,2787549696.00000000,2026-07-13,58.04550171,-0.04921372,0.00598788,0.87303976,0.83495890,,,,0.69568174,53107527.09237289,0.74508055,0.20200065,0.14093960,-0.11664126,4.95643944,spy_relative;single_day_move;gap,3,threshold,15.33610000,2026-07-13,1,1,1,,,True,False
14,ABVX,Abivax SA,,,NGM,11969339392.00000000,2026-07-13,137.30000305,-0.01858464,-0.04646158,0.40059170,0.36251084,,,,0.34614209,286028572.68719941,1.49754934,0.38595936,0.36136248,-0.05512349,14.54926435,spy_relative;single_day_move;gap,3,threshold,15.20740000,2026-07-13,1,1,1,,,True,False
15,SLS,"SELLAS Life Sciences Group, Inc",,,NCM,2530661120.00000000,2026-07-13,12.79020023,0.00236677,-0.08248202,0.78883917,0.75075831,,,,0.69897980,137832801.46568903,1.22023023,0.24697332,0.07586760,-0.17215531,8.20158300,spy_relative;single_day_move;gap,3,threshold,13.99650000,2026-07-13,1,1,1,,,True,False
16,IONS,"Ionis Pharmaceuticals, Inc.",,,NMS,9411702784.00000000,2026-07-13,56.75999832,-0.02557943,-0.31762445,-0.22585927,-0.26394013,,,,3.56613311,250636522.80703869,3.38864195,0.23904810,0.19748994,-0.34381505,0.39493734,spy_relative;volume;volatility;single_day_move;gap,5,threshold,13.77580000,2026-07-13,1,1,1,,,True,False
17,ATRO,Astronics Corporation,,,NMS,3592070656.00000000,2026-07-13,72.61000061,0.00151725,0.01142220,0.38448327,0.34640241,,,,0.58809801,68641678.73092118,1.72788890,0.23785404,0.33467124,-0.16683879,2.79867879,spy_relative;volatility;single_day_move;gap,4,threshold,13.66090000,2026-07-13,1,1,1,,,True,False
18,QDEL,QuidelOrtho Corporation,,,NMS,1250622848.00000000,2026-07-13,18.44000053,0.00930488,0.02444447,0.36592597,0.32784510,,,,0.56401822,26449665.34237557,1.52777244,0.32197241,0.23277738,-0.47880158,0.85140567,spy_relative;volatility;single_day_move;gap,4,threshold,13.04160000,2026-07-13,1,1,1,,,True,False
19,MIDD,The Middleby Corporation,,,NMS,6125659648.00000000,2026-07-13,135.47999573,-0.00140048,0.16809834,0.36145190,0.32337104,,,,0.57894735,130314478.20315591,2.16399900,0.20068921,0.25940463,-0.02714346,0.87431258,spy_relative;volatility;single_day_move;gap,4,threshold,12.05760000,2026-07-13,1,1,1,,,True,False
20,WYFI,"WhiteFiber, Inc.",,,NCM,1449963776.00000000,2026-07-13,37.56000137,-0.02441555,0.05683738,0.64592471,0.60784385,,,,1.07544924,118932258.63889427,1.40801966,0.21376513,0.09693992,-0.16104532,2.48423027,spy_relative;single_day_move;gap,3,threshold,12.03670000,2026-07-13,1,1,1,,,True,False
21,PENG,"Penguin Solutions, Inc.",,,NMS,3853451008.00000000,2026-07-13,75.09999847,-0.04148054,0.10914192,0.28332191,0.24524104,,,,2.36144527,304943625.18076056,1.85470445,0.25131562,0.14445267,-0.07728223,3.62438421,spy_relative;volume;volatility;single_day_move;gap,5,threshold,11.26770000,2026-07-13,1,1,1,,,True,False
22,ATEX,Anterix Inc.,,,NCM,1988844160.00000000,2026-07-13,104.00000000,0.03011094,-0.01923803,0.60543381,0.56735294,,,,0.52814369,52098944.05847168,1.17851756,0.25717820,0.05764659,-0.03886144,4.78098951,spy_relative;single_day_move,2,threshold,10.76590000,2026-07-13,1,1,1,,,True,False
23,TECH,Bio-Techne Corp,,,NMS,11101509632.00000000,2026-07-13,71.25000000,-0.00070131,0.00465316,0.35714286,0.31906199,,,,0.47786839,561383687.48044968,1.52255257,0.20074721,0.19276498,-0.00182120,0.64549656,spy_relative;volatility;single_day_move;gap,4,threshold,10.62490000,2026-07-13,1,1,1,,,True,False
24,PRIM,Primoris Services Corporation,,,NYQ,4684913664.00000000,2026-07-13,86.35500336,-0.00282904,-0.04262742,-0.08015546,-0.11823632,,,,0.34153930,221327074.48490295,1.06489322,0.21589441,0.38849915,-0.57443818,0.01653922,spy_relative;single_day_move;gap,3,threshold,10.11210000,2026-07-13,1,1,1,,,True,False
25,KYMR,"Kymera Therapeutics, Inc.",,,NGM,9364779008.00000000,2026-07-13,113.22499847,-0.05131965,-0.01337577,0.44733470,0.40925384,,,,0.44993647,137490390.96062964,1.89662845,0.16611591,0.08941624,-0.05131965,2.00490970,spy_relative;volatility;single_day_move;gap,4,threshold,10.03060000,2026-07-13,1,1,1,,,True,False
26,BWIN,"The Baldwin Insurance Group, In",,,NMS,2658551040.00000000,2026-07-13,27.34000015,0.03169812,0.00922850,0.41146097,0.37338011,,,,0.38045665,49639903.60580654,1.51832167,0.16791690,0.12747035,-0.36403817,0.65696971,spy_relative;volatility;single_day_move;gap,4,threshold,9.89930000,2026-07-13,1,1,1,,,True,False
27,WEN,Wendy's Company (The),,,NMS,1436224000.00000000,2026-07-13,7.51499987,-0.00463580,-0.04873421,0.13348412,0.09540326,,,,0.29016266,251345967.11125526,2.18327881,0.25559103,0.24760378,-0.33613074,0.21799024,spy_relative;volatility;single_day_move;gap,4,threshold,9.83660000,2026-07-13,1,1,1,,,True,False
28,ON,ON Semiconductor Corporation,,,NMS,35779776512.00000000,2026-07-13,91.95500183,-0.04173611,-0.02888373,-0.16533536,-0.20341622,,,,0.57874915,1417433186.95100260,2.03235276,0.23656726,0.17222501,-0.31340994,1.04799552,spy_relative;volatility;single_day_move;gap,4,threshold,9.73750000,2026-07-13,1,1,1,,,True,False
29,AMC,"AMC Entertainment Holdings, Inc",,,NYQ,1684701952.00000000,2026-07-13,1.86699998,-0.01216931,0.07298849,-0.10240382,-0.14048468,,,,0.75276111,113386571.18512969,1.58498253,0.24637684,0.23550728,-0.47259887,0.96526317,spy_relative;volatility;single_day_move;gap,4,threshold,9.69680000,2026-07-13,1,1,1,,,True,False
30,ACN,Accenture plc,,,NYQ,84028825600.00000000,2026-07-13,136.96000671,0.01279310,0.00000000,-0.19671550,-0.23479637,,,,0.49889452,1711408790.81911850,1.85099391,0.17966792,0.18915451,-0.52533443,0.10061077,spy_relative;volatility;single_day_move;gap,4,threshold,9.43780000,2026-07-13,1,1,1,,,True,False
31,AXTI,AXT Inc,,,NMS,3275084800.00000000,2026-07-13,50.58000183,-0.11588878,-0.20371534,-0.40696446,-0.44504532,,,,0.65211509,725473036.69066238,0.89681196,0.15983382,0.10582945,-0.64084356,25.34375154,spy_relative;single_day_move;gap,3,threshold,9.35830000,2026-07-13,1,1,1,,,True,False
32,AVAV,"AeroVironment, Inc.",,,NMS,7262252544.00000000,2026-07-13,142.86000061,-0.01189654,-0.19215108,-0.17388535,-0.21196621,,,,0.79721121,369919876.48397523,1.28717324,0.18755401,0.26978417,-0.65141643,0.04521516,spy_relative;single_day_move;gap,3,threshold,9.18300000,2026-07-13,1,1,1,,,True,False
33,ELVN,"Enliven Therapeutics, Inc.",,,NMS,3584772864.00000000,2026-07-13,50.20399857,-0.01734198,0.00387923,0.35686483,0.31878396,,,,0.38957740,105678517.26054497,0.72270571,0.14296334,0.21648644,-0.03786895,2.31598398,spy_relative;single_day_move;gap,3,threshold,9.11980000,2026-07-13,1,1,1,,,True,False
34,FOXA,Fox Corporation,,,NMS,23296088064.00000000,2026-07-13,55.47000122,0.02494461,-0.00715944,-0.18426469,-0.22234555,,,,0.54464293,587204487.39280248,2.50743486,0.16841307,0.13470006,-0.27118643,0.13691331,spy_relative;volatility;single_day_move;gap,4,threshold,8.78110000,2026-07-13,1,1,1,,,True,False
35,FCEL,"FuelCell Energy, Inc.",,,NGM,1625768064.00000000,2026-07-13,20.20999908,-0.03899199,-0.32021529,0.24676127,0.20868041,,,,0.91176442,358816502.29197121,1.43530375,0.24166663,0.18412939,-0.43876701,4.15561191,spy_relative;single_day_move;gap,3,threshold,8.69130000,2026-07-13,1,1,1,,,True,False
36,MMYT,MakeMyTrip Limited,,,NMS,5587677696.00000000,2026-07-13,58.90000153,0.00477657,0.02702708,0.50793649,0.46985563,,,,0.63658262,66439568.50489998,0.90917928,0.10972731,0.08319815,-0.42931884,0.62258961,spy_relative;single_day_move;gap,3,threshold,8.62930000,2026-07-13,1,1,1,,,True,False
37,AEHR,Aehr Test Systems,,,NCM,2158322432.00000000,2026-07-13,68.51000214,-0.05633604,-0.05281349,-0.26585938,-0.30394025,,,,0.94442581,146307129.01419297,0.93340284,0.17138459,0.16585657,-0.41233487,3.94300172,spy_relative;single_day_move;gap,3,threshold,8.61700000,2026-07-13,1,1,1,,,True,False
38,NVTS,Navitas Semiconductor Corporati,,,NGM,3110199040.00000000,2026-07-13,12.77999973,-0.05122498,-0.16086670,-0.37658538,-0.41466624,,,,0.50988717,395279139.62790668,0.72680482,0.14392523,0.08582280,-0.59798681,1.30685917,spy_relative;single_day_move;gap,3,threshold,8.46540000,2026-07-13,1,1,1,,,True,False
39,RXT,"Rackspace Technology, Inc.",,,NMS,1232726272.00000000,2026-07-13,4.82499981,-0.09644201,-0.24902729,-0.08703880,-0.12511966,,,,1.37571299,151787723.36695513,0.49571911,0.33586627,0.14370244,-0.35922979,10.79706528,spy_relative;single_day_move;gap,3,threshold,8.41500000,2026-07-13,1,1,1,,,True,False
40,FLY,Firefly Aerospace Inc.,,,NGM,3806972416.00000000,2026-07-13,23.09000015,-0.04151100,-0.17535714,-0.30909631,-0.34717717,,,,0.30790140,179787602.26767826,0.83249810,0.19050034,0.09162222,-0.61739850,0.37604286,spy_relative;single_day_move;gap,3,threshold,8.37000000,2026-07-13,1,1,1,,,True,False
41,WOLF,"Wolfspeed, Inc.",,,NYQ,1791478400.00000000,2026-07-13,34.40999985,-0.02493627,-0.12819866,-0.20750803,-0.24558889,,,,0.49183301,244782380.54499626,1.04242138,0.17909225,0.18799260,-0.53183674,1.32499996,spy_relative;single_day_move;gap,3,threshold,8.31390000,2026-07-13,1,1,1,,,True,False
42,ZBIO,"Zenas BioPharma, Inc.",,,NMS,1748794624.00000000,2026-07-13,27.74500084,-0.03462070,0.04896030,0.54913462,0.51105376,,,,0.65042719,27631004.81223307,0.75844908,0.13165142,0.04090916,-0.35730827,1.24655870,spy_relative;single_day_move,2,threshold,8.26890000,2026-07-13,1,1,1,,,True,False
43,WDFC,WD-40 Company,,,NMS,3386276608.00000000,2026-07-13,252.30999756,-0.04756335,0.02377765,0.13407948,0.09599862,,,,2.10030701,53590107.92286072,1.74216349,0.10646565,0.21998997,-0.04756335,0.34550977,spy_relative;volume;volatility;single_day_move;gap,5,threshold,8.19190000,2026-07-13,1,1,1,,,True,False
44,FOX,Fox Corporation,,,NMS,20995031040.00000000,2026-07-13,49.93999863,0.02441023,0.00080155,-0.18171392,-0.21979478,,,,0.33012907,144087490.99274462,2.35905200,0.15215541,0.11693821,-0.26298706,0.12502814,spy_relative;volatility;single_day_move;gap,4,threshold,8.16430000,2026-07-13,1,1,1,,,True,False
45,AAOI,"Applied Optoelectronics, Inc.",,,NGM,8868430848.00000000,2026-07-13,110.87000275,-0.07546694,-0.10124836,-0.36692743,-0.40500829,,,,0.47165678,1629393102.90794611,0.68566401,0.13893590,0.07726448,-0.50304796,4.68855844,spy_relative;single_day_move;gap,3,threshold,8.15120000,2026-07-13,1,1,1,,,True,False
46,EOSE,"Eos Energy Enterprises, Inc.",,,NCM,1459123712.00000000,2026-07-13,4.08990002,-0.07047729,-0.19171936,-0.32621089,-0.36429175,,,,1.09560154,143819626.83743685,0.69294487,0.11600587,0.11520371,-0.78687338,0.00000000,spy_relative;single_day_move;gap,3,threshold,7.85660000,2026-07-13,1,1,1,,,True,False
47,FLNC,"Fluence Energy, Inc.",,,NMS,2821796608.00000000,2026-07-13,15.17500019,-0.06095295,-0.14842871,-0.29810363,-0.33618449,,,,0.82858818,183252056.00074235,0.67976382,0.15799926,0.09506178,-0.52916536,1.24814818,spy_relative;single_day_move;gap,3,threshold,7.81750000,2026-07-13,1,1,1,,,True,False
48,PCT,"PureCycle Technologies, Inc.",,,NCM,1411044480.00000000,2026-07-13,6.97499990,-0.04452059,-0.09883719,-0.29438546,-0.33246632,,,,0.52561673,43107232.80314851,0.61637704,0.08750630,0.16590797,-0.58776596,0.37845849,spy_relative;single_day_move;gap,3,threshold,7.77600000,2026-07-13,1,1,1,,,True,False
49,SOLS,Solstice Advanced Materials Inc,,,NMS,9984822272.00000000,2026-07-13,62.65000153,0.02202288,-0.07935344,-0.19358991,-0.23167078,,,,2.63579080,258594607.97508430,1.49781413,0.15139044,0.08479864,-0.29288936,0.51218926,spy_relative;volume;single_day_move;gap,4,threshold,7.73430000,2026-07-13,1,1,1,,,True,False
50,LEGN,Legend Biotech Corporation,,,NMS,5010090496.00000000,2026-07-13,25.87000084,-0.04468239,-0.07738944,-0.25788869,-0.29596955,,,,0.42618982,66654443.70105114,0.79662992,0.16676611,0.11515515,-0.41629059,0.55375384,spy_relative;single_day_move;gap,3,threshold,7.72710000,2026-07-13,1,1,1,,,True,False
51,AYI,Acuity Inc.,,,NYQ,9940847616.00000000,2026-07-13,331.04000854,-0.00621409,-0.06546595,0.18064122,0.14256036,,,,0.64927772,168790344.13668519,2.01461814,0.17636085,0.14526531,-0.12118717,0.28414600,spy_relative;volatility;single_day_move;gap,4,threshold,7.71970000,2026-07-13,1,1,1,,,True,False
52,ORKA,"Oruka Therapeutics, Inc.",,,NGM,5099991040.00000000,2026-07-13,84.00000000,-0.03214657,0.01046557,0.31188508,0.27380422,,,,0.47049187,149847208.03782654,1.09780473,0.18025991,0.11971253,-0.11736890,5.43678152,spy_relative;single_day_move;gap,3,threshold,7.70790000,2026-07-13,1,1,1,,,True,False
53,LUNR,"Intuitive Machines, Inc.",,,NGM,2554400768.00000000,2026-07-13,15.90999985,-0.01425028,-0.15775541,-0.40041455,-0.43849541,,,,0.53373368,255021827.20043126,0.53379665,0.15470132,0.05811013,-0.65185997,0.97639745,spy_relative;single_day_move,2,threshold,7.69120000,2026-07-13,1,1,1,,,True,False
54,BB,BlackBerry Limited,,,NYQ,6110096896.00000000,2026-07-13,10.39999962,-0.05195995,-0.08611604,0.17913832,0.14105746,,,,0.53966483,345977896.95265102,1.69968988,0.19953600,0.12761025,-0.18813433,2.30158708,spy_relative;volatility;single_day_move;gap,4,threshold,7.56990000,2026-07-13,1,1,1,,,True,False
55,ICHR,Ichor Holdings,,,NMS,3285696768.00000000,2026-07-13,93.93000031,-0.06350950,-0.01818750,0.30151036,0.26342950,,,,0.72758706,126686443.25023690,1.14101205,0.16447281,0.13185451,-0.16343070,5.68065416,spy_relative;single_day_move;gap,3,threshold,7.52610000,2026-07-13,1,1,1,,,True,False
56,TXG,"10x Genomics, Inc.",,,NMS,5410238464.00000000,2026-07-13,42.61000061,-0.00280831,0.06525002,0.46375815,0.42567729,,,,0.65599845,118114838.17175713,1.25358342,0.15025346,0.03096535,-0.01136886,2.75749559,spy_relative;single_day_move,2,threshold,7.46740000,2026-07-13,1,1,1,,,True,False
57,BHVN,Biohaven Ltd.,,,NYQ,2287172096.00000000,2026-07-13,15.09500027,-0.02926044,-0.05950150,0.36359536,0.32551450,,,,0.54228257,56875845.77465558,1.10875494,0.14222552,0.09538852,-0.16648262,0.93774074,spy_relative;single_day_move;gap,3,threshold,7.46340000,2026-07-13,1,1,1,,,True,False
58,EPC,Edgewell Personal Care Company,,,NYQ,1253181696.00000000,2026-07-13,27.30500031,0.03115562,0.02380953,0.26470589,0.22662502,,,,0.48481347,28821476.54885864,1.66947942,0.15404930,0.09066908,-0.01709865,0.71621625,spy_relative;volatility;single_day_move;gap,4,threshold,7.44180000,2026-07-13,1,1,1,,,True,False
59,RIVN,"Rivian Automotive, Inc.",,,NMS,25451974656.00000000,2026-07-13,17.57500076,0.00543485,-0.12735843,0.19071819,0.15263733,,,,2.02201655,709338403.77861178,1.45932929,0.18123137,0.12254213,-0.21714921,0.50987975,spy_relative;volume;single_day_move;gap,4,threshold,7.37090000,2026-07-13,1,1,1,,,True,False
60,MRNA,"Moderna, Inc.",,,NMS,26906075136.00000000,2026-07-13,68.08000183,-0.00278299,-0.16772617,0.48032179,0.44224093,,,,0.61767453,672304969.74422991,1.31807750,0.12585768,0.03495145,-0.16772617,2.04472272,spy_relative;single_day_move,2,threshold,7.32600000,2026-07-13,1,1,1,,,True,False
61,CGEM,"Cullinan Therapeutics, Inc.",,,NMS,1079817856.00000000,2026-07-13,17.47999954,-0.03585216,-0.01852891,0.45062235,0.41254148,,,,0.34432153,20362156.34720612,1.05389405,0.15103124,0.02890174,-0.05411256,2.03999992,spy_relative;single_day_move,2,threshold,7.31440000,2026-07-13,1,1,1,,,True,False
62,PSNL,"Personalis, Inc.",,,NGM,1493322880.00000000,2026-07-13,14.15999985,0.00639660,-0.01255232,0.47346518,0.43538431,,,,0.93674213,47858935.76865177,0.80256657,0.12922457,0.04066730,-0.03344708,2.21452876,spy_relative;single_day_move,2,threshold,7.28840000,2026-07-13,1,1,1,,,True,False
63,YSS,York Space Systems Inc.,,,NYQ,2576715520.00000000,2026-07-13,19.55999947,-0.01659125,-0.17013154,-0.29181756,-0.32989843,,,,0.44930710,39627921.06269274,0.82764025,0.22085446,0.04937840,-0.54982741,0.10633479,spy_relative;single_day_move,2,threshold,7.27880000,2026-07-13,1,1,1,,,True,False
64,ORCL,Oracle Corporation,,,NYQ,393472376832.00000000,2026-07-13,136.58999634,-0.02879695,-0.04987478,-0.32132565,-0.35940651,,,,0.92986365,4905555608.24966431,0.68414397,0.08526279,0.10727416,-0.58398562,0.00080598,spy_relative;single_day_move;gap,3,threshold,7.24310000,2026-07-13,1,1,1,,,True,False
65,NRIX,"Nurix Therapeutics, Inc.",,,NGM,2293575168.00000000,2026-07-13,21.78000069,-0.05550732,-0.09400999,0.42352944,0.38544858,,,,0.29558728,49589904.82349654,1.41469303,0.16373057,0.03037375,-0.11786147,1.64320404,spy_relative;single_day_move,2,threshold,7.15710000,2026-07-13,1,1,1,,,True,False
66,CRCL,"Circle Internet Group, Inc.",,,NYQ,17053146112.00000000,2026-07-13,63.79999924,-0.03537950,-0.07064825,-0.19168885,-0.22976971,,,,0.92441286,1003010361.94145465,0.88071683,0.17548707,0.12140939,-0.72860303,0.27015727,spy_relative;single_day_move;gap,3,threshold,7.11350000,2026-07-13,1,1,1,,,True,False
67,VECO,Veeco Instruments Inc.,,,NMS,3427030272.00000000,2026-07-13,55.86000061,-0.02682928,0.02646091,-0.15286626,-0.19094713,,,,0.42851745,119109679.48207168,1.54078340,0.18477022,0.07410274,-0.32731214,1.80140417,spy_relative;volatility;single_day_move;gap,4,threshold,7.11220000,2026-07-13,1,1,1,,,True,False
68,UMC,United Microelectronics Corpora,,,NYQ,58290728960.00000000,2026-07-13,23.22999954,-0.04560397,-0.10065816,0.22910053,0.19101967,,,,0.65174787,442013612.28051090,1.50306744,0.14202658,0.11710962,-0.17065336,2.53039511,spy_relative;volatility;single_day_move;gap,4,threshold,7.09170000,2026-07-13,1,1,1,,,True,False
69,RKLB,Rocket Lab Corporation,,,NMS,48960798720.00000000,2026-07-13,78.34999847,-0.03319351,-0.15834137,-0.25416472,-0.29224558,,,,0.55081582,2802495667.38879395,0.97587939,0.15933287,0.07990297,-0.47846635,0.98454912,spy_relative;single_day_move;gap,3,threshold,7.07070000,2026-07-13,1,1,1,,,True,False
70,FOUR,"Shift4 Payments, Inc.",,,NYQ,5112627200.00000000,2026-07-13,51.04499817,0.00462501,-0.00652010,0.43264094,0.39456008,,,,0.48473245,74417224.73144150,1.07006701,0.14352220,0.02560597,-0.52209532,0.43264094,spy_relative;single_day_move,2,threshold,6.98230000,2026-07-13,1,1,1,,,True,False
71,PTRN,Pattern Group Inc. - Series A,,,NMS,5727813632.00000000,2026-07-13,28.70000076,-0.00863558,0.00949703,0.39252789,0.35444703,,,,0.58033829,66919955.75048141,0.80579573,0.07567158,0.10114499,-0.02380949,1.99270076,spy_relative;single_day_move;gap,3,threshold,6.95650000,2026-07-13,1,1,1,,,True,False
72,FIZZ,National Beverage Corp.,,,NMS,2861722112.00000000,2026-07-13,30.57999992,-0.09580130,-0.05442178,-0.17596337,-0.21404423,,,,1.01184640,21272850.38792429,2.36017533,0.09580130,0.09210526,-0.35877541,0.00000000,spy_relative;volatility;single_day_move;gap,4,threshold,6.93340000,2026-07-13,1,1,1,,,True,False
73,RBLX,Roblox Corporation,,,NYQ,40230846464.00000000,2026-07-13,55.99499893,0.01165313,-0.01814834,0.34927708,0.31119622,,,,0.43816944,548345038.04541612,1.20189939,0.14255674,0.07022708,-0.60444335,0.35548286,spy_relative;single_day_move;gap,3,threshold,6.92970000,2026-07-13,1,1,1,,,True,False
74,RDW,Redwire Corporation,,,NYQ,2326158848.00000000,2026-07-13,9.72999954,-0.04420440,-0.14348593,-0.34566243,-0.38374330,,,,0.30154063,357483259.99730891,0.62372557,0.14929390,0.05555557,-0.62432434,0.92292483,spy_relative;single_day_move,2,threshold,6.92960000,2026-07-13,1,1,1,,,True,False
75,CERT,"Certara, Inc.",,,NMS,1064061952.00000000,2026-07-13,6.84000015,0.01033976,-0.04067321,0.32046339,0.28238253,,,,0.64449395,30197874.07839775,1.59055120,0.16122844,0.05058048,-0.49705883,0.52678574,spy_relative;volatility;single_day_move,3,threshold,6.89340000,2026-07-13,1,1,1,,,True,False
76,AMBA,"Ambarella, Inc.",,,NMS,3218608896.00000000,2026-07-13,72.97000122,-0.05601555,-0.08478618,0.16509660,0.12701574,,,,0.63107192,131189649.05991288,1.94433536,0.28040591,0.06109461,-0.23599624,0.49989720,spy_relative;volatility;single_day_move,3,threshold,6.88970000,2026-07-13,1,1,1,,,True,False
77,AGIO,"Agios Pharmaceuticals, Inc.",,,NMS,2395516416.00000000,2026-07-13,40.00000000,-0.02983264,0.06980478,0.38504159,0.34696073,,,,1.01202982,46165375.91182327,1.20108555,0.17705266,0.05322283,-0.12068590,0.79051028,spy_relative;single_day_move,2,threshold,6.86630000,2026-07-13,1,1,1,,,True,False
78,OUST,"Ouster, Inc.",,,NMS,2777620736.00000000,2026-07-13,41.21009827,-0.04782580,-0.17298622,0.07345921,0.03537834,,,,0.71178386,257458558.84746170,1.79081313,0.28676818,0.10804018,-0.34084936,1.47805775,volatility;single_day_move;gap,3,threshold,6.83400000,2026-07-13,1,1,1,,,True,False
79,BRBR,"BellRing Brands, Inc.",,,NYQ,1458124160.00000000,2026-07-13,12.57999992,0.00801285,-0.06468401,0.45770565,0.41962479,,,,0.64704024,79532897.24055013,0.87100446,0.10816130,0.02453097,-0.78587234,0.59240503,spy_relative;single_day_move,2,threshold,6.79050000,2026-07-13,1,1,1,,,True,False
80,VOR,Vor Biopharma Inc.,,,NMS,1008941056.00000000,2026-07-13,18.21999931,-0.04806688,-0.09353239,0.40153841,0.36345755,,,,0.88196191,32724571.69742594,0.90489634,0.15527950,0.02332869,-0.98117769,1.65597652,spy_relative;single_day_move,2,threshold,6.76150000,2026-07-13,1,1,1,,,True,False
81,AEVA,"Aeva Technologies, Inc.",,,NMS,1314234880.00000000,2026-07-13,19.19000053,-0.08575509,-0.20702480,-0.15425297,-0.19233383,,,,0.46082838,52300636.75162468,1.27706283,0.22881766,0.07553239,-0.40459197,1.08813944,spy_relative;single_day_move;gap,3,threshold,6.75200000,2026-07-13,1,1,1,,,True,False
82,DOCN,"DigitalOcean Holdings, Inc.",,,NYQ,13131623424.00000000,2026-07-13,125.76000214,-0.03624801,-0.04270376,-0.26657724,-0.30465810,,,,0.79577522,554412297.72618294,0.83876112,0.09994464,0.10375280,-0.30630478,3.88578101,spy_relative;single_day_move;gap,3,threshold,6.71820000,2026-07-13,1,1,1,,,True,False
83,PRCH,"Porch Group, Inc.",,,NCM,1538210048.00000000,2026-07-13,13.88000011,-0.06531988,-0.06720430,0.47502660,0.43694574,,,,0.54560834,30915594.64446807,0.98343774,0.08571425,0.04296299,-0.27100843,1.16874999,spy_relative;single_day_move,2,threshold,6.68630000,2026-07-13,1,1,1,,,True,False
84,SYRE,"Spyre Therapeutics, Inc.",,,NMS,8195643392.00000000,2026-07-13,93.98999786,-0.03836710,0.05916160,0.25186462,0.21378376,,,,0.50748392,161165747.14050141,1.11396117,0.13561245,0.14250388,-0.06309810,5.34210525,spy_relative;single_day_move;gap,3,threshold,6.64540000,2026-07-13,1,1,1,,,True,False
85,DAVE,Dave Inc.,,,NGM,4965898752.00000000,2026-07-13,394.22000122,-0.01629444,-0.00449495,0.45522337,0.41714250,,,,0.51337288,208138714.79080504,0.90168487,0.10005600,0.04435456,-0.01629444,1.52834791,spy_relative;single_day_move,2,threshold,6.64370000,2026-07-13,1,1,1,,,True,False
86,JBIO,"Jade Biosciences, Inc.",,,NCM,1289620864.00000000,2026-07-13,21.21999931,0.01288776,-0.00375587,0.39056350,0.35248264,,,,0.54362738,26362582.89036131,1.18124949,0.15636154,0.06420927,-0.20968346,2.13441645,spy_relative;single_day_move,2,threshold,6.63980000,2026-07-13,1,1,1,,,True,False
87,CCC,CCC Intelligent Solutions Holdi,,,NMS,3641966080.00000000,2026-07-13,6.18400002,0.04459458,0.08681897,0.31574474,0.27766387,,,,0.86094357,50618195.17544059,1.05085682,0.11581303,0.10594790,-0.38344963,0.46540292,spy_relative;single_day_move;gap,3,threshold,6.63880000,2026-07-13,1,1,1,,,True,False
88,TENB,"Tenable Holdings, Inc.",,,NMS,4270833664.00000000,2026-07-13,38.72499847,-0.02652087,-0.06212164,0.44496267,0.40688181,,,,0.94620915,114957652.04038963,1.30252669,0.10820657,0.03175768,-0.06393523,1.41427658,spy_relative;single_day_move,2,threshold,6.63180000,2026-07-13,1,1,1,,,True,False
89,NAVN,"Navan, Inc.",,,NMS,6607525888.00000000,2026-07-13,25.93000031,0.00038581,-0.01406840,0.24245325,0.20437238,,,,0.74526746,129240594.54608765,0.83798066,0.11931060,0.16195491,-0.04844036,2.04700348,spy_relative;single_day_move;gap,3,threshold,6.57270000,2026-07-13,1,1,1,,,True,False
90,BRUN,Boost Run Inc.,,,NGM,1557523968.00000000,2026-07-13,25.42000008,-0.10618848,-0.21324670,-0.15238412,-0.19046498,,,,0.53928342,52850123.96683140,1.46323214,0.21151355,0.07705789,-0.35153062,1.48727979,spy_relative;single_day_move;gap,3,threshold,6.50330000,2026-07-13,1,1,1,,,True,False
91,COMP,"Compass, Inc.",,,NYQ,8625882112.00000000,2026-07-13,11.50000000,-0.01877135,-0.11470360,0.45385591,0.41577504,,,,0.72859217,176658147.10871202,0.83974186,0.08545032,0.04074499,-0.15316642,0.77469135,spy_relative;single_day_move,2,threshold,6.41790000,2026-07-13,1,1,1,,,True,False
92,BAND,Bandwidth Inc.,,,NMS,2358715136.00000000,2026-07-13,72.94999695,-0.03351890,0.20240645,0.22997800,0.19189714,,,,0.87777422,97901378.52357483,1.02983834,0.19145998,0.08846029,-0.06998987,4.69032751,spy_relative;single_day_move;gap,3,threshold,6.39760000,2026-07-13,1,1,1,,,True,False
93,LZB,La-Z-Boy Incorporated,,,NYQ,1573552512.00000000,2026-07-13,39.16999817,-0.00025529,-0.00583765,0.04844747,0.01036661,,,,0.41720685,33432998.27287292,2.07645387,0.14774672,0.20308040,-0.06403824,0.33503742,volatility;single_day_move;gap,3,threshold,6.39610000,2026-07-13,1,1,1,,,True,False
94,DMRA,"Damora Therapeutics, Inc.",,,NCM,1740416512.00000000,2026-07-13,28.27499962,-0.00893800,-0.05117449,0.40322581,0.36514495,,,,0.51920525,24213280.14359016,0.95452570,0.12505891,0.02977669,-0.17179261,9.95930250,spy_relative;single_day_move,2,threshold,6.35090000,2026-07-13,1,1,1,,,True,False
95,TE,T1 Energy Inc.,,,NYQ,1837633664.00000000,2026-07-13,6.51999998,-0.04817517,-0.24624274,-0.15653299,-0.19461386,,,,0.76268323,274096888.96897364,0.88906637,0.19653178,0.07740379,-0.45847176,4.62068980,spy_relative;single_day_move;gap,3,threshold,6.34600000,2026-07-13,1,1,1,,,True,False
96,IRDM,Iridium Communications Inc,,,NMS,5269205504.00000000,2026-07-13,49.50500107,-0.01108670,-0.05866132,0.08539795,0.04731709,,,,0.53763552,167509115.71339226,1.48602954,0.25436580,0.18933818,-0.11153984,2.12531569,single_day_move;gap,2,threshold,6.33860000,2026-07-13,1,1,1,,,True,False
97,ALMS,Alumis Inc.,,,NMS,3517503744.00000000,2026-07-13,27.37000084,-0.03320377,0.00366705,0.36440686,0.32632600,,,,1.03135396,48068289.16422882,0.50835456,0.15550240,0.03253796,-0.09669962,7.26888257,spy_relative;single_day_move,2,threshold,6.30050000,2026-07-13,1,1,1,,,True,False
98,CNXC,Concentrix Corporation,,,NMS,1408303616.00000000,2026-07-13,23.14999962,0.04279274,-0.01152863,-0.10097089,-0.13905175,,,,0.60984734,63263775.73021145,1.15076783,0.11196983,0.20650017,-0.62661291,0.10395805,spy_relative;single_day_move;gap,3,threshold,6.28770000,2026-07-13,1,1,1,,,True,False
99,FRVO,Fervo Energy Company,,,NMS,7973092352.00000000,2026-07-13,27.06500053,-0.00239582,-0.02923238,-0.18158449,-0.21966536,,,,1.26222618,96024655.26789618,,0.16037339,0.08691933,-0.36317646,0.14828175,spy_relative;single_day_move;gap,3,threshold,6.27860000,2026-07-13,1,1,1,,,True,False
100,MXL,"MaxLinear, Inc",,,NMS,7667820544.00000000,2026-07-13,86.03500366,-0.05766702,-0.10080473,0.19576105,0.15768018,,,,0.56372415,341875294.64855957,1.02484553,0.18032633,0.11945255,-0.32800903,5.59272049,spy_relative;single_day_move;gap,3,threshold,6.25360000,2026-07-13,1,1,1,,,True,False
101,ALGT,Allegiant Travel Company,,,NMS,2971307776.00000000,2026-07-13,109.76999664,-0.01125923,-0.05059683,0.36955701,0.33147615,,,,0.54807398,72032531.76673241,0.77869102,0.07348720,0.07162360,-0.07880167,1.28117205,spy_relative;single_day_move;gap,3,threshold,6.21650000,2026-07-13,1,1,1,,,True,False
102,AMPX,"Amprius Technologies, Inc.",,,NYQ,1570645376.00000000,2026-07-13,11.02350044,-0.04392882,-0.15786858,-0.32906268,-0.36714354,,,,0.78407725,97834473.96734008,0.81649223,0.11331441,0.04576854,-0.51883455,0.73325475,spy_relative;single_day_move,2,threshold,6.20810000,2026-07-13,1,1,1,,,True,False
103,VSAT,"ViaSat, Inc.",,,NMS,9712101376.00000000,2026-07-13,71.40000153,-0.02936373,-0.14797137,0.16097563,0.12289477,,,,0.55784670,228594482.37025681,1.49080584,0.23793384,0.08781273,-0.20498827,3.93434694,spy_relative;single_day_move;gap,3,threshold,6.18970000,2026-07-13,1,1,1,,,True,False
104,ROKU,"Roku, Inc.",,,NMS,21074972672.00000000,2026-07-13,142.08999634,0.00995091,-0.00119498,0.21506750,0.17698664,,,,0.26661720,1140559254.01210785,1.66125181,0.20076901,0.04321296,-0.01092863,0.77656902,spy_relative;volatility;single_day_move,3,threshold,6.18800000,2026-07-13,1,1,1,,,True,False
105,LASR,"nLIGHT, Inc.",,,NMS,4038863360.00000000,2026-07-13,71.20500183,-0.01172798,0.09042877,0.13564595,0.09756509,,,,1.21112437,93847669.28669587,1.34142922,0.27317653,0.07392632,-0.16180101,2.86353775,spy_relative;single_day_move;gap,3,threshold,6.17820000,2026-07-13,1,1,1,,,True,False
106,CAPR,"Capricor Therapeutics, Inc.",,,NMS,1204567296.00000000,2026-07-13,20.59499931,-0.04253840,-0.08181012,-0.18693252,-0.22501338,,,,0.67779343,41893481.05617914,1.06816408,0.13026313,0.10526312,-0.41723262,3.47717386,spy_relative;single_day_move;gap,3,threshold,6.17730000,2026-07-13,1,1,1,,,True,False
107,AMAT,"Applied Materials, Inc.",,,NMS,461115785216.00000000,2026-07-13,581.09997559,-0.03551871,-0.01972031,0.16919169,0.13111083,,,,0.63357481,7697554769.00731850,1.77633779,0.13418346,0.09957931,-0.19626559,2.71903984,spy_relative;volatility;single_day_move;gap,4,threshold,6.16260000,2026-07-13,1,1,1,,,True,False
108,ACMR,"ACM Research, Inc.",,,NGM,6761672192.00000000,2026-07-13,98.08999634,-0.04766994,-0.00436460,0.22673834,0.18865747,,,,0.52174691,190547384.29627532,1.36374713,0.16550023,0.09980257,-0.22696827,3.10075234,spy_relative;single_day_move;gap,3,threshold,6.14830000,2026-07-13,1,1,1,,,True,False
109,INOD,Innodata Inc.,,,NGM,2183663872.00000000,2026-07-13,66.48000336,-0.01946902,-0.09080962,-0.33446788,-0.37254874,,,,0.51586459,108331977.12902108,0.44904812,0.10263645,0.06897918,-0.45283948,0.92975332,spy_relative;single_day_move,2,threshold,6.12310000,2026-07-13,1,1,1,,,True,False
110,SENEA,Seneca Foods Corp.,,,NMS,1225628032.00000000,2026-07-13,180.92999268,0.02399678,-0.00237102,0.22291312,0.18483226,,,,0.47420863,27379365.93919067,1.93973360,0.17532328,0.03545334,-0.01657791,0.80496804,spy_relative;volatility;single_day_move,3,threshold,6.10820000,2026-07-13,1,1,1,,,True,False
111,VSH,"Vishay Intertechnology, Inc.",,,NYQ,6487885312.00000000,2026-07-13,42.04000092,-0.05887614,-0.08945197,-0.23074108,-0.26882195,,,,0.57846597,426226207.97408980,1.37724643,0.10330016,0.08635396,-0.35223421,2.55668376,spy_relative;single_day_move;gap,3,threshold,6.06960000,2026-07-13,1,1,1,,,True,False
112,VOYG,"Voyager Technologies, Inc.",,,NYQ,1807495552.00000000,2026-07-13,30.36000061,-0.02567392,-0.10442480,-0.26453485,-0.30261571,,,,0.36081923,80965418.09946060,0.90150105,0.15964148,0.05135666,-0.41355997,0.68760428,spy_relative;single_day_move,2,threshold,6.06330000,2026-07-13,1,1,1,,,True,False
113,CBRS,Cerebras Systems Inc.,,,NMS,46282719232.00000000,2026-07-13,207.30999756,-0.03612611,0.07968337,-0.12649056,-0.16457142,,,,0.47760463,1521564953.47767949,,0.19610095,0.08256881,-0.33355839,0.23018035,spy_relative;single_day_move;gap,3,threshold,6.03810000,2026-07-13,1,1,1,,,True,False
114,GPC,Genuine Parts Company,,,NYQ,17708853248.00000000,2026-07-13,127.08999634,0.01170191,-0.01220276,0.29117135,0.25309049,,,,0.80627301,253839270.52818298,1.53629952,0.12921640,0.02542061,-0.14853275,0.37439164,spy_relative;volatility;single_day_move,3,threshold,6.03380000,2026-07-13,1,1,1,,,True,False
115,IREN,IREN LIMITED,,,NMS,14722358272.00000000,2026-07-13,41.15000153,0.00024312,-0.06285580,-0.20128103,-0.23936190,,,,0.71764719,1831422010.10180140,0.85063635,0.13111799,0.08114378,-0.46145793,1.67207809,spy_relative;single_day_move;gap,3,threshold,6.02430000,2026-07-13,1,1,1,,,True,False
116,ASTS,"AST SpaceMobile, Inc.",,,NMS,27157078016.00000000,2026-07-13,70.01999664,-0.04500823,-0.13169646,-0.19812189,-0.23620275,,,,0.35164586,1684755766.38006163,1.04536591,0.21441568,0.06550036,-0.47388986,0.89704679,spy_relative;single_day_move,2,threshold,6.01560000,2026-07-13,1,1,1,,,True,False
117,CAMT,Camtek Ltd.,,,NGM,6373280768.00000000,2026-07-13,136.60000610,-0.05000339,-0.03694297,-0.18051470,-0.21859557,,,,0.85863537,84265908.43853912,1.28744811,0.13452893,0.09380748,-0.34155981,0.78026848,spy_relative;single_day_move;gap,3,threshold,5.99440000,2026-07-13,1,1,1,,,True,False
118,NUTX,Nutex Health Inc.,,,NCM,1280410752.00000000,2026-07-13,185.00000000,0.00592679,-0.04412521,0.38462689,0.34654603,,,,0.68730247,21744959.53367615,0.73131821,0.11599208,0.03695852,-0.05866788,1.28620865,spy_relative;single_day_move,2,threshold,5.98890000,2026-07-13,1,1,1,,,True,False
119,INFQ,"Infleqtion, Inc.",,,NYQ,2361501184.00000000,2026-07-13,10.77499962,-0.03536262,-0.12611519,-0.20655378,-0.24463464,,,,0.44157576,213646775.36157084,0.80115567,0.12315271,0.08196724,-0.45772526,0.22304190,spy_relative;single_day_move;gap,3,threshold,5.98820000,2026-07-13,1,1,1,,,True,False
120,OC,Owens Corning Inc,,,NYQ,11525213184.00000000,2026-07-13,143.11999512,-0.00160454,-0.02500169,0.24365652,0.20557566,,,,0.53244388,200758284.78511658,1.85548500,0.15259623,0.03376152,-0.09964778,0.45624742,spy_relative;volatility;single_day_move,3,threshold,5.98660000,2026-07-13,1,1,1,,,True,False
121,GSHD,"Goosehead Insurance, Inc.",,,NMS,1949075584.00000000,2026-07-13,54.88000107,0.02502802,0.03547172,0.42102544,0.38294458,,,,1.09818204,29231396.90578632,0.92339873,0.08337494,0.03409387,-0.46939959,0.59674142,spy_relative;single_day_move,2,threshold,5.97790000,2026-07-13,1,1,1,,,True,False
122,ERAS,"Erasca, Inc.",,,NMS,5621387776.00000000,2026-07-13,18.06999969,-0.02482466,-0.04137935,0.35153327,0.31345241,,,,0.64125191,89656290.68545513,0.60872403,0.14241103,0.04721036,-0.19581663,11.99999991,spy_relative;single_day_move,2,threshold,5.95260000,2026-07-13,1,1,1,,,True,False
123,MSTR,Strategy Inc,,,NMS,32671420416.00000000,2026-07-13,91.33000183,-0.03497462,-0.09367863,-0.20823578,-0.24631664,,,,0.47293826,2639405436.46535969,1.13591611,0.12598716,0.07461483,-0.79967097,0.10958577,spy_relative;single_day_move;gap,3,threshold,5.94470000,2026-07-13,1,1,1,,,True,False
124,OMDA,"Omada Health, Inc.",,,NMS,1421116672.00000000,2026-07-13,23.79000092,0.02190723,0.04113788,0.39122809,0.35314723,,,,1.01563564,23116036.38397102,0.72784460,0.10529100,0.02680706,-0.11165047,1.17458883,spy_relative;single_day_move,2,threshold,5.91850000,2026-07-13,1,1,1,,,True,False
125,ALGM,"Allegro MicroSystems, Inc.",,,NMS,9556722688.00000000,2026-07-13,51.43000031,-0.06269362,-0.09070016,0.15469239,0.11661153,,,,0.76809760,234605450.91736984,1.85077203,0.14648477,0.07762264,-0.26127552,1.25570184,spy_relative;volatility;single_day_move;gap,4,threshold,5.89300000,2026-07-13,1,1,1,,,True,False
126,NUVB,Nuvation Bio Inc.,,,NYQ,1991715328.00000000,2026-07-13,5.69000006,-0.02065403,0.01607146,0.24235811,0.20427725,,,,0.76735415,51348261.45636737,0.95243882,0.10061921,0.13003098,-0.40356393,1.67136139,spy_relative;single_day_move;gap,3,threshold,5.84850000,2026-07-13,1,1,1,,,True,False
127,SPGI,S&P Global Inc.,,,NYQ,129044160512.00000000,2026-07-13,435.38000488,0.01133567,-0.02647466,0.14083186,0.10275100,,,,0.59070186,1077388446.69507742,1.76180225,0.13840011,0.09618021,-0.13776856,0.24482512,spy_relative;volatility;single_day_move;gap,4,threshold,5.81010000,2026-07-13,1,1,1,,,True,False
128,QS,QuantumScape Corporation,,,NMS,3921549824.00000000,2026-07-13,6.32450008,-0.03882976,-0.12645024,-0.09649999,-0.13458085,,,,1.01128419,174337907.02875671,1.23854495,0.16521737,0.12318839,-0.65702278,0.06115773,spy_relative;single_day_move;gap,3,threshold,5.80230000,2026-07-13,1,1,1,,,True,False
129,CPNG,"Coupang, Inc.",,,NYQ,33863884800.00000000,2026-07-13,18.86000061,0.00319156,-0.01514355,0.24735455,0.20927368,,,,0.45358682,353245405.20254594,0.85480662,0.14087302,0.08201063,-0.43751860,0.24735455,spy_relative;single_day_move;gap,3,threshold,5.80000000,2026-07-13,1,1,1,,,True,False
130,GPGI,"GPGI, Inc.",,,NYQ,4189947136.00000000,2026-07-13,14.39000034,-0.01370801,-0.15352939,0.24913192,0.21105106,,,,0.62688138,27238548.97289395,1.06804807,0.13828121,0.08203126,-0.44653845,0.24913192,spy_relative;single_day_move;gap,3,threshold,5.78550000,2026-07-13,1,1,1,,,True,False
131,BBIO,"BridgeBio Pharma, Inc.",,,NMS,16468993024.00000000,2026-07-13,83.94000244,-0.02270342,0.07961418,0.24530827,0.20722741,,,,1.61025453,377821981.54384613,1.27437246,0.15115532,0.07238603,-0.06909167,0.87324258,spy_relative;single_day_move;gap,3,threshold,5.78380000,2026-07-13,1,1,1,,,True,False
132,RMBS,"Rambus, Inc.",,,NMS,11399798784.00000000,2026-07-13,105.66500092,-0.05740408,-0.06697571,-0.23497680,-0.27305766,,,,0.56894798,446194366.54104459,1.01191347,0.08810469,0.07509803,-0.38084496,0.68122519,spy_relative;single_day_move;gap,3,threshold,5.74470000,2026-07-13,1,1,1,,,True,False
133,FRHC,Freedom Holding Corp.,,,NCM,9744293888.00000000,2026-07-13,158.97999573,-0.04280812,0.05810313,0.14365874,0.10557788,,,,1.08839656,30461280.32691803,2.25120646,0.20418486,0.02753142,-0.16387927,0.41908415,spy_relative;volatility;single_day_move,3,threshold,5.73750000,2026-07-13,1,1,1,,,True,False
134,SEZL,Sezzle Inc.,,,NCM,5547953664.00000000,2026-07-13,165.52000427,-0.07726614,-0.07556548,0.36816002,0.33007916,,,,0.65084152,110132087.82322693,0.83859330,0.11279223,0.05170318,-0.09670378,2.24740044,spy_relative;single_day_move,2,threshold,5.73730000,2026-07-13,1,1,1,,,True,False
135,TTMI,"TTM Technologies, Inc.",,,NMS,14800813056.00000000,2026-07-13,142.58000183,-0.02635892,-0.04558536,-0.17162441,-0.20970528,,,,0.58765097,563039887.15675044,0.91546773,0.13199778,0.08375854,-0.35621077,2.55916118,spy_relative;single_day_move;gap,3,threshold,5.70350000,2026-07-13,1,1,1,,,True,False
136,RUM,RUM Group Inc.,,,NGM,1665493376.00000000,2026-07-13,6.02500010,-0.01712888,-0.07450079,-0.13928570,-0.17736656,,,,0.38760678,23629315.88255763,0.82258166,0.08240226,0.16049384,-0.39870261,0.29014989,spy_relative;single_day_move;gap,3,threshold,5.68700000,2026-07-13,1,1,1,,,True,False
137,KEEL,Keel Infrastructure Corp.,,,NGM,2665903616.00000000,2026-07-13,4.39010000,-0.05589249,-0.09295457,-0.16379048,-0.20187134,,,,0.38048887,302651330.49856555,0.88161721,0.14684014,0.07357354,-0.34082581,3.30401969,spy_relative;single_day_move;gap,3,threshold,5.67220000,2026-07-13,1,1,1,,,True,False
138,ACLS,"Axcelis Technologies, Inc.",,,NMS,4272011520.00000000,2026-07-13,138.85499573,-0.03135689,-0.00796603,-0.11798893,-0.15606980,,,,0.59530672,112314980.25845185,1.49439044,0.18970449,0.07019358,-0.27528710,1.05133684,spy_relative;single_day_move;gap,3,threshold,5.66370000,2026-07-13,1,1,1,,,True,False
139,UCTT,"Ultra Clean Holdings, Inc.",,,NMS,4480145408.00000000,2026-07-13,100.34999847,-0.05570715,-0.04908557,0.10396036,0.06587950,,,,1.01014150,178406729.21461105,1.57120053,0.17833161,0.14458424,-0.29623395,3.63938985,volatility;single_day_move;gap,3,threshold,5.66060000,2026-07-13,1,1,1,,,True,False
140,ENVX,Enovix Corporation,,,NMS,1103856384.00000000,2026-07-13,5.04500008,-0.02980764,-0.10231314,-0.19665607,-0.23473693,,,,1.07139951,31114569.48854389,1.01346070,0.11298928,0.07707317,-0.68330195,0.04235535,spy_relative;single_day_move;gap,3,threshold,5.64940000,2026-07-13,1,1,1,,,True,False
141,KOS,Kosmos Energy Ltd.,,,NYQ,1278322816.00000000,2026-07-13,2.14000010,0.01904772,0.02392354,-0.28187916,-0.31996003,,,,0.97226712,35620592.19214767,0.64951219,0.11498256,0.05226476,-0.34556571,1.45977022,spy_relative;single_day_move,2,threshold,5.64210000,2026-07-13,1,1,1,,,True,False
142,RARE,Ultragenyx Pharmaceutical Inc.,,,NMS,3165936128.00000000,2026-07-13,31.87000084,-0.05765816,-0.05430267,0.38746198,0.34938112,,,,0.70728236,100136921.82935257,0.76066675,0.08833113,0.02341141,-0.12780514,0.72270275,spy_relative;single_day_move,2,threshold,5.62910000,2026-07-13,1,1,1,,,True,False
143,LFST,"LifeStance Health Group, Inc.",,,NMS,4135266816.00000000,2026-07-13,10.82999992,0.01167679,-0.01455868,0.37786256,0.33978170,,,,0.63922690,41462265.20617743,0.80288268,0.09541979,0.01376143,-0.05249347,1.85751980,spy_relative;single_day_move,2,threshold,5.61040000,2026-07-13,1,1,1,,,True,False
144,PGEN,"Precigen, Inc.",,,NMS,1816423296.00000000,2026-07-13,5.05000019,-0.05075187,-0.09821424,0.29820053,0.26011967,,,,0.63303624,28393624.64812503,0.86814822,0.16452444,0.03888890,-0.14695944,2.32236859,spy_relative;single_day_move,2,threshold,5.60180000,2026-07-13,1,1,1,,,True,False
145,PAY,"Paymentus Holdings, Inc.",,,NYQ,3616443392.00000000,2026-07-13,28.76000023,0.01877438,0.02166965,0.36952382,0.33144296,,,,0.62390928,35410467.07777500,1.22456484,0.10155147,0.02359270,-0.26123812,0.42305797,spy_relative;single_day_move,2,threshold,5.59380000,2026-07-13,1,1,1,,,True,False
146,GLXY,Galaxy Digital Inc.,,,NMS,9431683072.00000000,2026-07-13,24.02000046,-0.03456587,-0.05433068,-0.20331672,-0.24139759,,,,0.64058868,208570332.11919841,0.53183882,0.10348262,0.07592722,-0.43957069,0.42636581,spy_relative;single_day_move;gap,3,threshold,5.58050000,2026-07-13,1,1,1,,,True,False
147,BCAX,Bicara Therapeutics Inc.,,,NGM,1852192000.00000000,2026-07-13,27.87750053,-0.03571426,-0.04594452,0.37939148,0.34131062,,,,0.76115168,28136929.95594425,1.01657986,0.09192405,0.01832461,-0.08297694,1.79054066,spy_relative;single_day_move,2,threshold,5.57960000,2026-07-13,1,1,1,,,True,False
148,TCOM,Trip.com Group Limited,,,NMS,26838036480.00000000,2026-07-13,42.61999893,-0.00420561,0.04001951,-0.11152808,-0.14960895,,,,0.56569132,162260202.86507550,1.43847924,0.12548591,0.13261338,-0.46023304,0.06977909,spy_relative;single_day_move;gap,3,threshold,5.55720000,2026-07-13,1,1,1,,,True,False
149,ASX,"ASE Technology Holding Co., Ltd",,,NYQ,89907896320.00000000,2026-07-13,41.02999878,-0.03820912,-0.05286244,0.19620990,0.15812904,,,,0.62414050,500664135.38800508,1.61617310,0.08826223,0.08690211,-0.09064717,3.31894724,spy_relative;volatility;single_day_move;gap,4,threshold,5.55640000,2026-07-13,1,1,1,,,True,False
150,SNDK,Sandisk Corporation,,,NMS,256910540800.00000000,2026-07-13,1737.98999023,-0.09286925,-0.00369179,0.05766692,0.01958606,,,,0.90622813,22921110261.30667877,1.45987251,0.21966510,0.16915735,-0.25567881,41.71295279,single_day_move;gap,2,threshold,5.55460000,2026-07-13,1,1,1,,,True,False
